ENTIDAD,MUNICIPIO,LOCALIDAD,NOMBRE DEL PLANTEL,SUBSISTEMA,CCT
AGUASCALIENTES,AGUASCALIENTES,AGUASCALIENTES,BACHILLERATO DEL DEPORTE,BACHEST,01EBH0003I
AGUASCALIENTES,AGUASCALIENTES,AGUASCALIENTES,BACHILLERATO EN ARTE Y HUMANIDADES JOSE GUADALUPE POSADA,BACHEST,01EBH0004H
AGUASCALIENTES,AGUASCALIENTES,AGUASCALIENTES,"BACHILLERATO GENERAL MILITARIZADO ""1ER. ESCUADRÓN DE LANCEROS DE AGUASCALIENTES""",COBACH,01EBH0005G
AGUASCALIENTES,AGUASCALIENTES,AGUASCALIENTES,"BACHILLERATO GENERAL MILITARIZADO ""JOSÉ MARÍA CHÁVEZ""",BACHEST,01EBH0006F
AGUASCALIENTES,AGUASCALIENTES,AGUASCALIENTES,CENTRO DE ATENCION PARA PERSONAS CON DISCAPACIDAD AGUASCALIENTES CBTIS 168,DGB (CAED),01DER0004M
AGUASCALIENTES,AGUASCALIENTES,AGUASCALIENTES,CENTRO DE ATENCION PARA PERSONAS CON DISCAPACIDAD AGUASCALIENTES CBTIS 282,DGB (CAED),01DER0006K
AGUASCALIENTES,AGUASCALIENTES,AGUASCALIENTES,CENTRO DE ATENCION PARA PERSONAS CON DISCAPACIDAD AGUASCALIENTES CEB 6/1,DGB (CAED),01DER0001P
AGUASCALIENTES,AGUASCALIENTES,AGUASCALIENTES,CENTRO DE ATENCION PARA PERSONAS CON DISCAPACIDAD AGUASCALIENTES CECATI 164,DGB (CAED),01DER0007J
AGUASCALIENTES,AGUASCALIENTES,AGUASCALIENTES,CENTRO DE ATENCION PARA PERSONAS CON DISCAPACIDAD AGUASCALIENTES CETIS 155,DGB (CAED),01DER0005L
AGUASCALIENTES,AGUASCALIENTES,AGUASCALIENTES,CENTRO DE BACHILLERATO TECNOLOGICO INDUSTRIAL Y DE SERVICIOS NUM. 168,UEMSTIS,01DCT0001F
AGUASCALIENTES,AGUASCALIENTES,AGUASCALIENTES,CENTRO DE BACHILLERATO TECNOLOGICO INDUSTRIAL Y DE SERVICIOS NUM. 195,UEMSTIS,01DCT0003D
AGUASCALIENTES,AGUASCALIENTES,AGUASCALIENTES,CENTRO DE BACHILLERATO TECNOLOGICO INDUSTRIAL Y DE SERVICIOS NUM. 281,UEMSTIS,01DCT0281F
AGUASCALIENTES,AGUASCALIENTES,AGUASCALIENTES,CENTRO DE BACHILLERATO TECNOLOGICO INDUSTRIAL Y DE SERVICIOS NUM. 282,UEMSTIS,01DCT0282E
AGUASCALIENTES,AGUASCALIENTES,AGUASCALIENTES,CENTRO DE BACHILLERATO TECNOLOGICO INDUSTRIAL Y DE SERVICIOS NUM. 283,UEMSTIS,01DCT0283D
AGUASCALIENTES,AGUASCALIENTES,AGUASCALIENTES,CENTRO DE BACHILLERATO TECNOLOGICO INDUSTRIAL Y DE SERVICIOS NUM. 284,UEMSTIS,01DCT0284C
AGUASCALIENTES,AGUASCALIENTES,AGUASCALIENTES,CENTRO DE BACHILLERATO TECNOLOGICO INDUSTRIAL Y DE SERVICIOS NUM. 39,UEMSTIS,01DCT0199F
AGUASCALIENTES,AGUASCALIENTES,AGUASCALIENTES,CENTRO DE EDUCACION MEDIA,AUTÓNOMA,01UBH0013G
AGUASCALIENTES,AGUASCALIENTES,AGUASCALIENTES,CENTRO DE ESTUDIOS DE BACHILLERATO 5/1 LIC. JESUS REYES HEROLES,DGB,01DBP0001U
AGUASCALIENTES,AGUASCALIENTES,AGUASCALIENTES,CENTRO DE ESTUDIOS DE BACHILLERATO 6/1 AGUASCALIENTES,DGB,01DBP0002T
AGUASCALIENTES,AGUASCALIENTES,AGUASCALIENTES,CENTRO DE ESTUDIOS DE BACHILLERATO 8/4 FRIDA KAHLO,DGB,01DBH0004I
AGUASCALIENTES,AGUASCALIENTES,AGUASCALIENTES,CENTRO DE ESTUDIOS DE BACHILLERATO 8/5 EZEQUIEL A. CHAVEZ,DGB,01DBH0005H
AGUASCALIENTES,AGUASCALIENTES,AGUASCALIENTES,CENTRO DE ESTUDIOS TECNOLOGICOS EN AGUAS CONTINENTALES NUM. 05,UEMSTAYCM,01DCM0001W
AGUASCALIENTES,AGUASCALIENTES,AGUASCALIENTES,CENTRO DE ESTUDIOS TECNOLOGICOS INDUSTRIAL Y DE SERVICIOS NUM. 155,UEMSTIS,01DCT0004C
AGUASCALIENTES,AGUASCALIENTES,AGUASCALIENTES,CENTRO DE ESTUDIOS TECNOLOGICOS INDUSTRIAL Y DE SERVICIOS NUM. 80,UEMSTIS,01DCT0002E
AGUASCALIENTES,AGUASCALIENTES,AGUASCALIENTES,COLEGIO DE ESTUDIOS CIENTIFICOS Y TECNOLOGICOS DEL ESTADO DE AGUASCALIENTES PLANTEL VIL,LCAE CMYOTENTAÑA,01ETC0016G
AGUASCALIENTES,AGUASCALIENTES,AGUASCALIENTES,COLEGIO DE ESTUDIOS CIENTIFICOS Y TECNOLOGICOS DEL ESTADO PLANTEL CIUDAD SATELITE MORE,LCOESCYTE,01ETC0004B
AGUASCALIENTES,AGUASCALIENTES,AGUASCALIENTES,COLEGIO DE ESTUDIOS CIENTIFICOS Y TECNOLOGICOS DEL ESTADO PLANTEL FERROCARRILES,CECYTE,01ETC0007Z
AGUASCALIENTES,AGUASCALIENTES,AGUASCALIENTES,COLEGIO DE ESTUDIOS CIENTIFICOS Y TECNOLOGICOS DEL ESTADO PLANTEL J. GUADALUPE PERALTA,GCAEMCYETZE,01ETC0011L
AGUASCALIENTES,AGUASCALIENTES,AGUASCALIENTES,COLEGIO DE ESTUDIOS CIENTIFICOS Y TECNOLOGICOS DEL ESTADO PLANTEL MIRADOR DE LAS CULTU,RCAESC YIITE,01ETC0013J
AGUASCALIENTES,AGUASCALIENTES,AGUASCALIENTES,EDUCACION MEDIA SUPERIOR A DISTANCIA (EMSAD) EL CEDAZO,EMSAD,01EMS0016Y
AGUASCALIENTES,AGUASCALIENTES,AGUASCALIENTES,ESCUELA NORMAL DE AGUASCALIENTES,BACHEST,01EBH0001K
AGUASCALIENTES,AGUASCALIENTES,AGUASCALIENTES,PLANTEL CONALEP 016 PROFR. J. REFUGIO ESPARZA REYES,CONALEP,01DPT0002I
AGUASCALIENTES,AGUASCALIENTES,AGUASCALIENTES,PLANTEL CONALEP 063 AGUASCALIENTES II,CONALEP,01DPT0001J
AGUASCALIENTES,AGUASCALIENTES,AGUASCALIENTES,PLANTEL CONALEP 284 AGUASCALIENTES III,CONALEP,01DPT0004G
AGUASCALIENTES,AGUASCALIENTES,AGUASCALIENTES,PLANTEL CONALEP 318 AGUASCALIENTES IV,CONALEP,01DPT0006E
AGUASCALIENTES,AGUASCALIENTES,AGUASCALIENTES,PLANTEL ORIENTE DEL CENTRO DE EDUCACION MEDIA DE LA UAA,AUTÓNOMA,01UBH0001B
AGUASCALIENTES,AGUASCALIENTES,AGUASCALIENTES,PREPARATORIA ABIERTA,PREPAABIERTA,01EEX0001Z
AGUASCALIENTES,AGUASCALIENTES,AGUASCALIENTES,TELEBACHILLERATO COMUNITARIO TROJES DE ALONSO,TELEBACHCOMUNITARIOS,01ETK0046J
AGUASCALIENTES,AGUASCALIENTES,AGUASCALIENTES,TELEBACHILLERATO LOMAS DEL AJEDREZ,TELEBACH,01ETH0045X
AGUASCALIENTES,AGUASCALIENTES,AGUASCALIENTES,TELEBACHILLERATO TROJES DE ALONSO,TELEBACH,01ETH0059Z
AGUASCALIENTES,AGUASCALIENTES,ARELLANO,TELEBACHILLERATO ARELLANO,TELEBACH,01ETH0061O
AGUASCALIENTES,AGUASCALIENTES,ARELLANO,TELEBACHILLERATO COMUNITARIO ARELLANO,TELEBACHCOMUNITARIOS,01ETK0085L
AGUASCALIENTES,AGUASCALIENTES,CAÑADA GRANDE DE COTORINA,TELEBACHILLERATO COMUNITARIO CAÑADA GRANDE DE COTORINA,TELEBACHCOMUNITARIOS,01ETK0020B
AGUASCALIENTES,AGUASCALIENTES,CENTRO DE ARRIBA (EL TARAY),TELEBACHILLERATO COMUNITARIO EL TARAY,TELEBACHCOMUNITARIOS,01ETK0005J
AGUASCALIENTES,AGUASCALIENTES,CIENEGUILLA (LA LUMBRERA),TELEBACHILLERATO COMUNITARIO CIENEGUILLA (LA LUMBRERA),TELEBACHCOMUNITARIOS,01ETK0016P
AGUASCALIENTES,AGUASCALIENTES,COTORINA (COYOTES),TELEBACHILLERATO COMUNITARIO COTORINA (COYOTES),TELEBACHCOMUNITARIOS,01ETK0086K
AGUASCALIENTES,AGUASCALIENTES,EL CONEJAL,TELEBACHILLERATO COMUNITARIO EL CONEJAL,TELEBACHCOMUNITARIOS,01ETK0051V
AGUASCALIENTES,AGUASCALIENTES,EL DURAZNILLO,TELEBACHILLERATO COMUNITARIO EL DURAZNILLO,TELEBACHCOMUNITARIOS,01ETK0018N
AGUASCALIENTES,AGUASCALIENTES,EL GUARDA,TELEBACHILLERATO COMUNITARIO EL GUARDA,TELEBACHCOMUNITARIOS,01ETK0054S
AGUASCALIENTES,AGUASCALIENTES,EL RELICARIO,TELEBACHILLERATO COMUNITARIO EL RELICARIO,TELEBACHCOMUNITARIOS,01ETK0088I
AGUASCALIENTES,AGUASCALIENTES,EL SALTO DE LOS SALADO,TELEBACHILLERATO COMUNITARIO SALTO DE LOS SALADO,TELEBACHCOMUNITARIOS,01ETK0029T
AGUASCALIENTES,AGUASCALIENTES,EL SALTO DE LOS SALADO,TELEBACHILLERATO SALTO DE LOS SALADO,TELEBACH,01ETH0051H
AGUASCALIENTES,AGUASCALIENTES,EL TURICATE,TELEBACHILLERATO COMUNITARIO SAN ISIDRO (EL TURICATE),TELEBACHCOMUNITARIOS,01ETK0047I
AGUASCALIENTES,AGUASCALIENGTEESNERAL J,OSÉ MARÍA MORELOS Y PAVÓN (CAÑAD,AC OHOLENGDIAO) DE ESTUDIOS CIENTIFICOS Y TECNOLOGICOS DEL ESTADO PLANTEL CAÑADA HONDA,CECYTE,01ETC0014I
AGUASCALIENTES,AGUASCALIENTES,JALTOMATE,TELEBACHILLERATO COMUNITARIO JALTOMATE,TELEBACHCOMUNITARIOS,01ETK0033F
AGUASCALIENTES,AGUASCALIENTES,LOS CAÑOS,EDUCACION MEDIA SUPERIOR A DISTANCIA (EMSAD) LOS CAÑOS,EMSAD,01EMS0014Z
AGUASCALIENTES,AGUASCALIENTES,LOS CUERVOS (LOS OJOS DE AGUA),TELEBACHILLERATO COMUNITARIO LOS CUERVOS,TELEBACHCOMUNITARIOS,01ETK0045K
AGUASCALIENTES,AGUASCALIENTES,LOS NEGRITOS,EDUCACION MEDIA SUPERIOR A DISTANCIA (EMSAD) LOS NEGRITOS,EMSAD,01EMS0015Z
AGUASCALIENTES,AGUASCALIENTES,MATAMOROS [CONGREGACIÓN],TELEBACHILLERATO COMUNITARIO MATAMOROS,TELEBACHCOMUNITARIOS,01ETK0099O
AGUASCALIENTES,AGUASCALIENTES,MONTORO,TELEBACHILLERATO COMUNITARIO MONTORO,TELEBACHCOMUNITARIOS,01ETK0048H
AGUASCALIENTES,AGUASCALIENTES,NORIAS DE OJOCALIENTE,TELEBACHILLERATO COMUNITARIO NORIAS DE OJOCALIENTE,TELEBACHCOMUNITARIOS,01ETK0093U
AGUASCALIENTES,AGUASCALIENTES,NORIAS DEL PASO HONDO,TELEBACHILLERATO COMUNITARIO NORIAS DEL PASO HONDO,TELEBACHCOMUNITARIOS,01ETK0015Q
AGUASCALIENTES,AGUASCALIENTES,PEÑUELAS (EL CIENEGAL),CENTRO DE BACHILLERATO TECNOLOGICO INDUSTRIAL Y DE SERVICIOS NUM. 279,UEMSTIS,01DCT0279R
AGUASCALIENTES,AGUASCALIENTES,PEÑUELAS (EL CIENEGAL),TELEBACHILLERATO COMUNITARIO PEÑUELAS,TELEBACHCOMUNITARIOS,01ETK0030I
AGUASCALIENTES,AGUASCALIENTES,PEÑUELAS (EL CIENEGAL),TELEBACHILLERATO PEÑUELAS,TELEBACH,01ETH0052G
AGUASCALIENTES,AGUASCALIENTES,POCITOS,TELEBACHILLERATO COMUNITARIO POCITOS,TELEBACHCOMUNITARIOS,01ETK0073G
AGUASCALIENTES,AGUASCALIENTES,SAN FELIPE [VIÑEDOS],TELEBACHILLERATO COMUNITARIO SAN FELIPE (VIÑEDOS),TELEBACHCOMUNITARIOS,01ETK0095S
AGUASCALIENTES,AGUASCALIENTES,SAN IGNACIO,EDUCACION MEDIO SUPERIOR A DISTANCIA (EMSAD) SAN IGNACIO,EMSAD,01EMS0003U
AGUASCALIENTES,AGUASCALIENTES,SAN JOSÉ DE LA ORDEÑA,TELEBACHILLERATO COMUNITARIO SAN JOSE DE LA ORDEÑA,TELEBACHCOMUNITARIOS,01ETK0096R
AGUASCALIENTES,AGUASCALIENTES VIL,LA LICENCIADO JESÚS TERÁN (CALVILLI,TCOO)LEGIO DE ESTUDIOS CIENTIFICOS Y TECNOLOGICOS DEL ESTADO PLANTEL VILLA LIC.JESUS TERAN (,CCAELCVYILTLEITO),01ETC0015H
AGUASCALIENTES,ASIENTOS,AMARILLAS DE ESPARZA,TELEBACHILLERATO COMUNITARIO AMARILLAS DE ESPARZA,TELEBACHCOMUNITARIOS,01ETK0013S
AGUASCALIENTES,ASIENTOS,ASIENTOS,COLEGIO DE ESTUDIOS CIENTIFICOS Y TECNOLOGICOS DEL ESTADO PLANTEL ASIENTOS,CECYTE,01ETC0001E
AGUASCALIENTES,ASIENTOS B,IMBALETES AGUASCALIENTES (EL ÁLAM,OT)ELEBACHILLERATO COMUNITARIO BIMBALETES AGUASCALIENTES (EL ALAMO),TELEBACHCOMUNITARIOS,01ETK0098P
AGUASCALIENTES,ASIENTOS,CIÉNEGA GRANDE,TELEBACHILLERATO COMUNITARIO CIENEGA GRANDE,TELEBACHCOMUNITARIOS,01ETK0028U
AGUASCALIENTES,ASIENTOS,EL POLVO,TELEBACHILLERATO COMUNITARIO EL POLVO,TELEBACHCOMUNITARIOS,01ETK0079A
AGUASCALIENTES,ASIENTOS,EMANCIPACIÓN (BORUNDA) [COLONIA,]TELEBACHILLERATO COMUNITARIO COLONIA EMANCIPACION (BORUNDA),TELEBACHCOMUNITARIOS,01ETK0014R
AGUASCALIENTES,ASIENTOS,FRANCISCO VILLA,TELEBACHILLERATO COMUNITARIO FRANCISCO VILLA,TELEBACHCOMUNITARIOS,01ETK0056Q
ENTIDAD,MUNICIPIO,LOCALIDAD,NOMBRE DEL PLANTEL,SUBSISTEMA,CCT
AGUASCALIENTES,ASIENTOS,GORRIONES,TELEBACHILLERATO COMUNITARIO GORRIONES,TELEBACHCOMUNITARIOS,01ETK0012T
AGUASCALIENTES,ASIENTOS,GUADALUPE DE ATLAS,TELEBACHILLERATO COMUNITARIO GUADALUPE DE ATLAS,TELEBACHCOMUNITARIOS,01ETK0042N
AGUASCALIENTES,ASIENTOS,GUADALUPE DE ATLAS,TELEBACHILLERATO GUADALUPE DE ATLAS,TELEBACH,01ETH0056C
AGUASCALIENTES,ASIENTOS,JARILLAS,TELEBACHILLERATO COMUNITARIO JARILLAS,TELEBACHCOMUNITARIOS,01ETK0080Q
AGUASCALIENTES,ASIENTOS,JILOTEPEC,TELEBACHILLERATO COMUNITARIO JILOTEPEC,TELEBACHCOMUNITARIOS,01ETK0057P
AGUASCALIENTES,ASIENTOS,LA DICHOSA,TELEBACHILLERATO COMUNITARIO LA DICHOSA,TELEBACHCOMUNITARIOS,01ETK0081P
AGUASCALIENTES,ASIENTOS,LA GLORIA,TELEBACHILLERATO COMUNITARIO LA GLORIA,TELEBACHCOMUNITARIOS,01ETK0082O
AGUASCALIENTES,ASIENTOS,LAS ADJUNTAS,TELEBACHILLERATO COMUNITARIO LAS ADJUNTAS,TELEBACHCOMUNITARIOS,01ETK0063Z
AGUASCALIENTES,ASIENTOS,LAS FRAGUAS,EDUCACION MEDIO SUPERIOR A DISTANCIA (EMSAD) FRAGUAS,EMSAD,01EMS0005S
AGUASCALIENTES,ASIENTOS,LAS NEGRITAS,TELEBACHILLERATO COMUNITARIO LAS NEGRITAS,TELEBACHCOMUNITARIOS,01ETK0064Z
AGUASCALIENTES,ASIENTOS,LICENCIADO ADOLFO LÓPEZ MATEOS,TELEBACHILLERATO ADOLFO LÓPEZ MATEOS,TELEBACH,01ETH0055D
AGUASCALIENTES,ASIENTOS,LICENCIADO ADOLFO LÓPEZ MATEOS,TELEBACHILLERATO COMUNITARIO ADOLFO LOPEZ MATEOS,TELEBACHCOMUNITARIOS,01ETK0040P
AGUASCALIENTES,ASIENTOS,MOLINOS,TELEBACHILLERATO COMUNITARIO MOLINOS,TELEBACHCOMUNITARIOS,01ETK0003L
AGUASCALIENTES,ASIENTOS,NORIA DEL BORREGO (NORIAS),TELEBACHILLERATO COMUNITARIO NORIA DEL BORREGO (NORIAS),TELEBACHCOMUNITARIOS,01ETK0084M
AGUASCALIENTES,ASIENTOS,PILOTOS,TELEBACHILLERATO COMUNITARIO PILOTOS,TELEBACHCOMUNITARIOS,01ETK0006I
AGUASCALIENTES,ASIENTOS,SAN RAFAEL DE OCAMPO,EDUCACION MEDIA SUPERIOR A DISTANCIA (EMSAD) SAN RAFAEL DE OCAMPO,EMSAD,01EMS0013A
AGUASCALIENTES,ASIENTOS,VILLA JUÁREZ,CENTRO DE BACHILLERATO TECNOLOGICO AGROPECUARIO NUM. 040,UEMSTAYCM,01DTA0040J
AGUASCALIENTES,CALVILLO,CALVILLO,CENTRO DE ATENCION PARA PERSONAS CON DISCAPACIDAD CALVILLO CECATI 186,DGB (CAED),01DER0003N
AGUASCALIENTES,CALVILLO,CALVILLO,CENTRO DE BACHILLERATO TECNOLOGICO AGROPECUARIO NUM. 61,UEMSTAYCM,01DTA0061W
AGUASCALIENTES,CALVILLO,CALVILLO,COLEGIO DE ESTUDIOS CIENTIFICOS Y TECNOLOGICOS DEL ESTADO PLANTEL CALVILLO,CECYTE,01ETC0008Y
AGUASCALIENTES,CALVILLO,CHIQUIHUITERO (SAN ISIDRO),TELEBACHILLERATO COMUNITARIO SAN ISIDRO,TELEBACHCOMUNITARIOS,01ETK0044L
AGUASCALIENTES,CALVILLO,CHIQUIHUITERO (SAN ISIDRO),TELEBACHILLERATO SAN ISIDRO,TELEBACH,01ETH0058A
AGUASCALIENTES,CALVILLO,EL CUERVERO (CUERVEROS),TELEBACHILLERATO COMUNITARIO EL CUERVERO,TELEBACHCOMUNITARIOS,01ETK0052U
AGUASCALIENTES,CALVILLO,EL SALITRE,TELEBACHILLERATO COMUNITARIO EL SALITRE,TELEBACHCOMUNITARIOS,01ETK0011U
AGUASCALIENTES,CALVILLO,LA LABOR,EDUCACION MEDIA SUPERIOR A DISTANCIA (EMSAD) LA LABOR,EMSAD,01EMS0012B
AGUASCALIENTES,CALVILLO,LA PANADERA,TELEBACHILLERATO COMUNITARIO LA PANADERA,TELEBACHCOMUNITARIOS,01ETK0083N
AGUASCALIENTES,CALVILLO,LA RINCONADA,TELEBACHILLERATO COMUNITARIO LA RINCONADA,TELEBACHCOMUNITARIOS,01ETK0062A
AGUASCALIENTES,CALVILLO,LOS PATOS,TELEBACHILLERATO COMUNITARIO LOS PATOS,TELEBACHCOMUNITARIOS,01ETK0066X
AGUASCALIENTES,CALVILLO,MESA GRANDE,TELEBACHILLERATO COMUNITARIO MESA GRANDE,TELEBACHCOMUNITARIOS,01ETK0010V
AGUASCALIENTES,CALVILLO,OJO DE AGUA,TELEBACHILLERATO COMUNITARIO OJO DE AGUA,TELEBACHCOMUNITARIOS,01ETK0068V
AGUASCALIENTES,CALVILLO,OJOCALIENTE,TELEBACHILLERATO COMUNITARIO PABLO JOSE CALVILLO JIMENEZ,TELEBACHCOMUNITARIOS,01ETK0070J
AGUASCALIENTES,CALVILLO,SAN TADEO,TELEBACHILLERATO COMUNITARIO SAN TADEO,TELEBACHCOMUNITARIOS,01ETK0027V
AGUASCALIENTES,COSÍO,COSÍO,CENTRO DE BACHILLERATO TECNOLOGICO AGROPECUARIO NUM. 103,UEMSTAYCM,01DTA0103E
AGUASCALIENTES,COSÍO,EL REFUGIO DE AGUA ZARCA,TELEBACHILLERATO COMUNITARIO EL REFUGIO DE AGUA ZARCA,TELEBACHCOMUNITARIOS,01ETK0094T
AGUASCALIENTES,COSÍO EL,REFUGIO DE PROVIDENCIA (PROVIDENC,TIAE)LEBACHILLERATO COMUNITARIO REFUGIO DE PROVIDENCIA,TELEBACHCOMUNITARIOS,01ETK0041O
AGUASCALIENTES,COSÍO,EL SALERO,TELEBACHILLERATO COMUNITARIO EL SALERO,TELEBACHCOMUNITARIOS,01ETK0026W
AGUASCALIENTES,COSÍO,LA PUNTA,EDUCACION MEDIO SUPERIOR A DISTANCIA (EMSAD) LA PUNTA,EMSAD,01EMS0002V
AGUASCALIENTES,COSÍO,SANTA MARÍA DE LA PAZ,EDUCACION MEDIA SUPERIOR A DISTANCIA (EMSAD) SANTA MARIA DE LA PAZ,EMSAD,01EMS0011C
AGUASCALIENTES,COSÍO SO,LEDAD DE ABAJO [ESTACIÓN DE ADAM,ETS]ELEBACHILLERATO COMUNITARIO SOLEDAD DE ABAJO (ESTACION ADAMES),TELEBACHCOMUNITARIOS,01ETK0097Q
AGUASCALIENTES,COSÍO,ZACATEQUILLAS,TELEBACHILLERATO COMUNITARIO SOLEDAD DE ARRIBA,TELEBACHCOMUNITARIOS,01ETK0031H
AGUASCALIENTES,EL LLANO,EL NOVILLO,TELEBACHILLERATO COMUNITARIO EL NOVILLO,TELEBACHCOMUNITARIOS,01ETK0055R
AGUASCALIENTES,EL LLANO,EL TERREMOTO,EDUCACION MEDIA SUPERIOR A DISTANCIA (EMSAD) EL TERREMOTO,EMSAD,01EMS0010D
AGUASCALIENTES,EL LLANO,EL TILDÍO,TELEBACHILLERATO COMUNITARIO EL TILDIO,TELEBACHCOMUNITARIOS,01ETK0089H
AGUASCALIENTES,EL LLANO,LA LUZ,TELEBACHILLERATO COMUNITARIO LA LUZ,TELEBACHCOMUNITARIOS,01ETK0061B
AGUASCALIENTES,EL LLANO,LA TINAJA,TELEBACHILLERATO COMUNITARIO LA TINAJA,TELEBACHCOMUNITARIOS,01ETK0009F
AGUASCALIENTES,EL LLANO,LICENCIADO JESÚS TERÁN (EL MUERTO),TELEBACHILLERATO COMUNITARIO LIC. JESUS TERAN,TELEBACHCOMUNITARIOS,01ETK0065Y
AGUASCALIENTES,EL LLANO,LOMAS DEL REFUGIO (LA LOMA),TELEBACHILLERATO COMUNITARIO LOMA DEL REFUGIO,TELEBACHCOMUNITARIOS,01ETK0036C
AGUASCALIENTES,EL LLANO,OJO DE AGUA DE CRUCITAS,TELEBACHILLERATO COMUNITARIO OJO DE AGUA DE CRUCITAS,TELEBACHCOMUNITARIOS,01ETK0069U
AGUASCALIENTES,EL LLANO,PALO ALTO,CENTRO DE BACHILLERATO TECNOLOGICO AGROPECUARIO NUM. 204,UEMSTAYCM,01DTA0204C
AGUASCALIENTES,EL LLANO,PALO ALTO,COLEGIO DE ESTUDIOS CIENTIFICOS Y TECNOLOGICOS DEL ESTADO PLANTEL EL LLANO,CECYTE,01ETC0010M
AGUASCALIENTES,EL LLANO,SAN FRANCISCO DE LOS VIVEROS,TELEBACHILLERATO COMUNITARIO SAN FRANCISCO DE LOS VIVEROS,TELEBACHCOMUNITARIOS,01ETK0034E
AGUASCALIENTES,EL LLANO,SANTA ROSA (EL HUIZACHE),TELEBACHILLERATO COMUNITARIO SANTA ROSA,TELEBACHCOMUNITARIOS,01ETK0002M
AGUASCALIENTES,JESÚS MARÍA,EJIDO LA GUAYANA (RANCHO SECO),TELEBACHILLERATO COMUNITARIO EJIDO LA GUAYANA (RANCHO SECO),TELEBACHCOMUNITARIOS,01ETK0087J
AGUASCALIENTES,JESÚS MARÍA,EX-HACIENDA DE MILPILLAS,TELEBACHILLERATO COMUNITARIO MILPILLAS,TELEBACHCOMUNITARIOS,01ETK0067W
AGUASCALIENTES,JESÚS MARÍA G,ENERAL IGNACIO ZARAGOZA (VENADER,OE)DUCACION MEDIO SUPERIOR A DISTANCIA (EMSAD) IGNACIO ZARAGOZA,EMSAD,01EMS0006R
AGUASCALIENTES,JESÚS MARÍA,JESÚS GÓMEZ PORTUGAL (MARGARITAS,)TELEBACHILLERATO COMUNITARIO J. GOMEZ PORTUGAL,TELEBACHCOMUNITARIOS,01ETK0025X
AGUASCALIENTES,JESÚS MARÍA,JESÚS GÓMEZ PORTUGAL (MARGARITAS,)TELEBACHILLERATO J. GÓMEZ PORTUGAL,TELEBACH,01ETH0050I
AGUASCALIENTES,JESÚS MARÍA,JESÚS MARÍA,COLEGIO DE ESTUDIOS CIENTIFICOS Y TECNOLOGICOS DEL ESTADO PLANTEL JESUS MARIA,CECYTE,01ETC0012K
AGUASCALIENTES,JESÚS MARÍA,JESÚS MARÍA,EDUCACION MEDIO SUPERIOR A DISTANCIA (EMSAD) JESUS MARIA,EMSAD,01EMS0004T
AGUASCALIENTES,JESÚS MARÍA,JESÚS MARÍA,PLANTEL CONALEP 247 ING. MIGUEL ANGEL BARBERENA VEGA,CONALEP,01DPT0003H
AGUASCALIENTES,JESÚS MARÍA,JESÚS MARÍA,TELEBACHILLERATO COMUNITARIO JESUS MARIA,TELEBACHCOMUNITARIOS,01ETK0024Y
AGUASCALIENTES,JESÚS MARÍA,JESÚS MARÍA,TELEBACHILLERATO JESÚS MARÍA,TELEBACH,01ETH0049T
AGUASCALIENTES,JESÚS MARÍA,LA FLORIDA,TELEBACHILLERATO COMUNITARIO LA FLORIDA,TELEBACHCOMUNITARIOS,01ETK0090X
AGUASCALIENTES,JESÚS MARÍA,LA TOMATINA,TELEBACHILLERATO COMUNITARIO LA TOMATINA,TELEBACHCOMUNITARIOS,01ETK0008G
AGUASCALIENTES,JESÚS MARÍA,LOS ARQUITOS,TELEBACHILLERATO COMUNITARIO LOS ARQUITOS,TELEBACHCOMUNITARIOS,01ETK0050W
AGUASCALIENTES,JESÚS MARÍA,LOS VÁZQUEZ,TELEBACHILLERATO COMUNITARIO LOS VAZQUEZ,TELEBACHCOMUNITARIOS,01ETK0091W
AGUASCALIENTES,JESÚS MARÍA,LOS VÁZQUEZ,TELEBACHILLERATO LOS VÁZQUEZ,TELEBACH,01ETH0062N
AGUASCALIENTES,JESÚS MARÍA,MARAVILLAS,TELEBACHILLERATO COMUNITARIO MARAVILLAS,TELEBACHCOMUNITARIOS,01ETK0092V
AGUASCALIENTES,JESÚS MARÍA,MARAVILLAS,TELEBACHILLERATO MARAVILLAS,TELEBACH,01ETH0063M
AGUASCALIENTES,JESÚS MARÍA,PASO BLANCO,TELEBACHILLERATO COMUNITARIO PASO BLANCO,TELEBACHCOMUNITARIOS,01ETK0023Z
AGUASCALIENTES,JESÚS MARÍA,PASO BLANCO,TELEBACHILLERATO PASO BLANCO,TELEBACH,01ETH0048U
AGUASCALIENTES,JESÚS MARÍA,SAN ANTONIO DE LOS HORCONES,TELEBACHILLERATO COMUNITARIO SAN ANTONIO DE LOS HORCONES,TELEBACHCOMUNITARIOS,01ETK0076D
AGUASCALIENTES,JESÚS MARÍA,TAPIAS VIEJAS,TELEBACHILLERATO COMUNITARIO TAPIAS VIEJAS,TELEBACHCOMUNITARIOS,01ETK0077C
AGUASCALIENTES,JESÚS MARÍA,VALLADOLID,TELEBACHILLERATO COMUNITARIO VALLADOLID,TELEBACHCOMUNITARIOS,01ETK0022Z
AGUASCALIENTES,JESÚS MARÍA,VALLADOLID,TELEBACHILLERATO VALLADOLID,TELEBACH,01ETH0047V
AGUASCALIENTES,PABELLÓN DE ARTEAGA,EMILIANO ZAPATA,TELEBACHILLERATO COMUNITARIO EMILIANO ZAPATA,TELEBACHCOMUNITARIOS,01ETK0021A
AGUASCALIENTES,PABELLÓN DE ARTEAGA,EMILIANO ZAPATA,TELEBACHILLERATO EMILIANO ZAPATA,TELEBACH,01ETH0046W
ENTIDAD,MUNICIPIO,LOCALIDAD,NOMBRE DEL PLANTEL,SUBSISTEMA,CCT
AGUASCALIENTES,PABELLÓN DE ARTEAGA,LAS ÁNIMAS,TELEBACHILLERATO COMUNITARIO LAS ANIMAS,TELEBACHCOMUNITARIOS,01ETK0038A
AGUASCALIENTES,PABELLÓN DE ARTEAGA,OJO ZARCO [COLONIA],TELEBACHILLERATO COMUNITARIO COLONIA OJO ZARCO,TELEBACHCOMUNITARIOS,01ETK0007H
AGUASCALIENTES,PABELLÓN DE ARTEAGA,PABELLÓN DE ARTEAGA,CENTRO DE ATENCION PARA PERSONAS CON DISCAPACIDAD PABELLON DE ARTEAGA CECATI 154,DGB (CAED),01DER0002O
AGUASCALIENTES,PABELLÓN DE ARTEAGA,PABELLÓN DE ARTEAGA,CENTRO DE BACHILLERATO TECNOLOGICO AGROPECUARIO NUM. 030,UEMSTAYCM,01DTA0030C
AGUASCALIENTES,PABELLÓN DE ARTEAGA,PABELLÓN DE ARTEAGA,COLEGIO DE ESTUDIOS CIENTIFICOS Y TECNOLOGICOS DEL ESTADO PLANTEL PABELLON DE ARTEAGA,CECYTE,01ETC0006Z
AGUASCALIENTES,PABELLÓN DE ARTEAGA,PABELLÓN DE ARTEAGA,PLANTEL CONALEP 319 PABELLON DE ARTEAGA,CONALEP,01DPT0007D
AGUASCALIENTES,PABELLÓN DE ARTEAGA,SAN LUIS DE LETRAS,TELEBACHILLERATO COMUNITARIO SAN LUIS DE LETRAS,TELEBACHCOMUNITARIOS,01ETK0105I
AGUASCALIENTES,RINCÓN DE ROMOS,CALIFORNIA,TELEBACHILLERATO COMUNITARIO EJIDO CALIFORNIA,TELEBACHCOMUNITARIOS,01ETK0039Z
AGUASCALIENTES,RINCÓN DE ROMOS,EL SAUCILLO,TELEBACHILLERATO COMUNITARIO EL SAUCILLO,TELEBACHCOMUNITARIOS,01ETK0104J
AGUASCALIENTES,RINCÓN DE ROMOS,LA BOQUILLA,EDUCACION MEDIA SUPERIOR A DISTANCIA (EMSAD) LA BOQUILLA,EMSAD,01EMS0009O
AGUASCALIENTES,RINCÓN DE ROMOS,MORELOS,TELEBACHILLERATO COMUNITARIO MORELOS,TELEBACHCOMUNITARIOS,01ETK0103K
AGUASCALIENTES,RINCÓN DE ROMOS,PABELLÓN DE HIDALGO,EDUCACION MEDIO SUPERIOR A DISTANCIA (EMSAD) PABELLON DE HIDALGO,EMSAD,01EMS0001W
AGUASCALIENTES,RINCÓN DE ROMOS,PABLO ESCALERAS,TELEBACHILLERATO COMUNITARIO J. GUADALUPE ROMO HERRERA,TELEBACHCOMUNITARIOS,01ETK0037B
AGUASCALIENTES,RINCÓN DE ROMOS,PABLO ESCALERAS,TELEBACHILLERATO J. GUADALUPE ROMO HERRERA,TELEBACH,01ETH0054E
AGUASCALIENTES,RINCÓN DE ROMOS,RINCÓN DE ROMOS,CENTRO DE BACHILLERATO TECNOLOGICO AGROPECUARIO NUM. 205,UEMSTAYCM,01DTA0205B
AGUASCALIENTES,RINCÓN DE ROMOS,RINCÓN DE ROMOS,COLEGIO DE ESTUDIOS CIENTIFICOS Y TECNOLOGICOS DEL ESTADO PLANTEL RINCON DE ROMOS,CECYTE,01ETC0002D
AGUASCALIENTES,RINCÓN DE ROMOS,RINCÓN DE ROMOS,DAVID GUTIERREZ ACOSTA,PREFECO,01SBC2072Z
AGUASCALIENTES,RINCÓN DE ROMOS,RINCÓN DE ROMOS,PLANTEL NORTE CENTRO DE EDUCACION MEDIA UAA,AUTÓNOMA,01UBH0002A
AGUASCALIENTES,RINCÓN DE ROMOS,SAN JACINTO,EDUCACION MEDIO SUPERIOR A DISTANCIA (EMSAD) SAN JACINTO,EMSAD,01EMS0008P
AGUASCALIENTES,SAN FRANCISCO DE LOS ROMO,LA CONCEPCIÓN,TELEBACHILLERATO COMUNITARIO LA CONCEPCION,TELEBACHCOMUNITARIOS,01ETK0058O
AGUASCALIENTES,SAN FRANCISCO DE LOS ROMO,LA ESCONDIDA (EL SALERO),TELEBACHILLERATO COMUNITARIO LA ESCONDIDA,TELEBACHCOMUNITARIOS,01ETK0060C
AGUASCALIENTES,SAN FRANCISCO DE LOS ROMO,MACARIO J. GÓMEZ [COLONIA],TELEBACHILLERATO COMUNITARIO MACARIO J. GOMEZ,TELEBACHCOMUNITARIOS,01ETK0032G
AGUASCALIENTES,SAN FRANCISCO DE LOS RPOAMSOE,OS DE LA PROVIDENCIA [FRACCIONAMI,ETNETLOE]BACHILLERATO COMUNITARIO PASEOS DE PROVIDENCIA,TELEBACHCOMUNITARIOS,01ETK0072H
AGUASCALIENTES,SAN FRANCISCO DE LOS ROMO,PUERTECITO DE LA VIRGEN,TELEBACHILLERATO COMUNITARIO PUERTECITO DE LA VIRGEN,TELEBACHCOMUNITARIOS,01ETK0075E
AGUASCALIENTES,SAN FRANCISCO DE LOS ROMO,PUERTECITO DE LA VIRGEN,TELEBACHILLERATO PUERTECITO DE LA VIRGEN,TELEBACH,01ETH0060P
AGUASCALIENTES,SAN FRANCISCO DE LOS ROMO,SAN FRANCISCO DE LOS ROMO,CENTRO DE BACHILLERATO TECNOLOGICO INDUSTRIAL Y DE SERVICIOS NUM. 280,UEMSTIS,01DCT0280G
AGUASCALIENTES,SAN FRANCISCO DE LOS ROMO,SAN FRANCISCO DE LOS ROMO,COLEGIO DE ESTUDIOS CIENTIFICOS Y TECNOLOGICOS DEL ESTADO PLANTEL SAN FRANCISCO DE LOS,RCOECMYOTE,01ETC0003C
AGUASCALIENTES,SAN JOSÉ DE GRACIA,LA CONGOJA,TELEBACHILLERATO COMUNITARIO LA CONGOJA,TELEBACHCOMUNITARIOS,01ETK0059N
AGUASCALIENTES,SAN JOSÉ DE GRACIA,PAREDES,TELEBACHILLERATO COMUNITARIO PAREDES,TELEBACHCOMUNITARIOS,01ETK0071I
AGUASCALIENTES,SAN JOSÉ DE GRACIA,SAN ANTONIO DE LOS RÍOS,TELEBACHILLERATO COMUNITARIO SAN ANTONIO DE LOS RIOS,TELEBACHCOMUNITARIOS,01ETK0017O
AGUASCALIENTES,SAN JOSÉ DE GRACIA,SAN JOSÉ DE GRACIA,COLEGIO DE ESTUDIOS CIENTIFICOS Y TECNOLOGICOS DEL ESTADO PLANTEL SAN JOSE DE GRACIA,CECYTE,01ETC0009X
AGUASCALIENTES,SAN JOSÉ DE GRACIA,SAN JOSÉ DE GRACIA,TELEBACHILLERATO COMUNITARIO SAN JOSE DE GRACIA,TELEBACHCOMUNITARIOS,01ETK0035D
AGUASCALIENTES,SAN JOSÉ DE GRACIA,SAN JOSÉ DE GRACIA,TELEBACHILLERATO SAN JOSÉ DE GRACIA,TELEBACH,01ETH0053F
AGUASCALIENTES,SAN JOSÉ DE GRACIA,TÚNEL DE POTRERILLO,TELEBACHILLERATO COMUNITARIO TUNEL DE POTRERILLO,TELEBACHCOMUNITARIOS,01ETK0078B
AGUASCALIENTES,TEPEZALÁ,CALDERA,TELEBACHILLERATO COMUNITARIO CALDERA,TELEBACHCOMUNITARIOS,01ETK0101M
AGUASCALIENTES,TEPEZALÁ,CARBONERAS,EDUCACION MEDIA SUPERIOR A DISTANCIA (EMSAD) CARBONERAS,EMSAD,01EMS0018W
AGUASCALIENTES,TEPEZALÁ,EL CHAYOTE,EDUCACION MEDIA SUPERIOR A DISTANCIA (EMSAD) EL CHAYOTE,EMSAD,01EMS0017X
AGUASCALIENTES,TEPEZALÁ,EL GIGANTE,TELEBACHILLERATO COMUNITARIO EL GIGANTE,TELEBACHCOMUNITARIOS,01ETK0053T
AGUASCALIENTES,TEPEZALÁ,EL PORVENIR,TELEBACHILLERATO COMUNITARIO EL PORVENIR,TELEBACHCOMUNITARIOS,01ETK0074F
AGUASCALIENTES,TEPEZALÁ,EL TEPOZÁN,TELEBACHILLERATO COMUNITARIO EL TEPOZAN,TELEBACHCOMUNITARIOS,01ETK0001N
AGUASCALIENTES,TEPEZALÁ,LOS ALAMITOS,TELEBACHILLERATO COMUNITARIO LOS ALAMITOS,TELEBACHCOMUNITARIOS,01ETK0049G
AGUASCALIENTES,TEPEZALÁ,MESILLAS,TELEBACHILLERATO COMUNITARIO MESILLAS,TELEBACHCOMUNITARIOS,01ETK0100N
AGUASCALIENTES,TEPEZALÁ,OJO DE AGUA DE LOS MONTES,TELEBACHILLERATO COMUNITARIO OJO DE AGUA DE LOS MONTES,TELEBACHCOMUNITARIOS,01ETK0004K
AGUASCALIENTES,TEPEZALÁ,PUERTO DE LA CONCEPCIÓN,TELEBACHILLERATO COMUNITARIO PUERTO DE LA CONCEPCION,TELEBACHCOMUNITARIOS,01ETK0102L
AGUASCALIENTES,TEPEZALÁ,SAN ANTONIO,TELEBACHILLERATO COMUNITARIO SAN ANTONIO,TELEBACHCOMUNITARIOS,01ETK0043M
AGUASCALIENTES,TEPEZALÁ,SAN ANTONIO,TELEBACHILLERATO SAN ANTONIO,TELEBACH,01ETH0057B
AGUASCALIENTES,TEPEZALÁ,TEPEZALÁ,PLANTEL CONALEP 285 TEPEZALA,CONALEP,01DPT0005F
BAJA CALIFORNIA,ENSENADA,ARTÍCULO CIENTO QUINCE,TELEBACHILLERATO COMUNITARIO ARTICULO 115,TELEBACHCOMUNITARIOS,02ETK0016O
BAJA CALIFORNIA,ENSENADA,DÍAZ [RANCHO],CENTRO DE BACHILLERATO TECNOLOGICO AGROPECUARIO NUM. 198,UEMSTAYCM,02DTA0198H
BAJA CALIFORNIA,ENSENADA,EJIDO EL AJUSCO,TELEBACHILLERATO COMUNITARIO AJUSCO,TELEBACHCOMUNITARIOS,02ETK0015P
BAJA CALIFORNIA,ENSENADA E,JIDO PUNTA COLNETT (PUNTA COLONE,TC)ENTRO EMSAD PUNTA COLONET,EMSAD,02EMS0002U
BAJA CALIFORNIA,ENSENADA,EL PORVENIR (GUADALUPE),CENTRO DE BACHILLERATO TECNOLOGICO AGROPECUARIO NUM. 323,UEMSTAYCM,02DTA0003E
BAJA CALIFORNIA,ENSENADA,EL SAUZAL DE RODRÍGUEZ,CAED CENTRO DE ESTUDIOS TECNOLOGICOS DEL MAR NUM. 11,DGB (CAED),02DER0002N
BAJA CALIFORNIA,ENSENADA,EL SAUZAL DE RODRÍGUEZ,CENTRO DE ESTUDIOS TECNOLOGICOS DEL MAR NUM. 11,UEMSTAYCM,02DCM0001V
BAJA CALIFORNIA,ENSENADA,ENSENADA,CENTRO DE BACHILLERATO TECNOLOGICO INDUSTRIAL Y DE SERVICIOS NUM. 41,UEMSTIS,02DCT0201C
BAJA CALIFORNIA,ENSENADA,ENSENADA,CENTRO DE ESTUDIOS TECNOLOGICOS INDUSTRIAL Y DE SERVICIOS NUM. 74,UEMSTIS,02DCT0411H
BAJA CALIFORNIA,ENSENADA,ENSENADA,COLEGIO DE BACHILLERES DE BAJA CALIFORNIA PLANTEL ENSENADA,COBACH,02ECB0011V
BAJA CALIFORNIA,ENSENADA,ENSENADA,COLEGIO DE BACHILLERES DE BAJA CALIFORNIA PLANTEL VALLE DE GUADALUPE,COBACH,02ECB0040Q
BAJA CALIFORNIA,ENSENADA,ENSENADA,COLEGIO DE ESTUDIOS CIENTIFICOS Y TECNOLOGICOS PLANTEL ENSENADA,CECYTE,02ETC0004A
BAJA CALIFORNIA,ENSENADA,ENSENADA,"COLEGIO NACIONAL DE EDUCACION PROFESIONAL TECNICA NUM. 64 ""ENSENADA",CONALEP,02DPT0006D
BAJA CALIFORNIA,ENSENADA,ENSENADA,PROFR. ARTURO DAVID VELAZQUEZ RIVERA,COBACH,02ECB0035E
BAJA CALIFORNIA,ENSENADA,ENSENADA,TELEBACHILLERATO COMUNITARIO GÓMEZ MORÍN,TELEBACHCOMUNITARIOS,02ETK0004J
BAJA CALIFORNIA,ENSENADA,ISLA DE CEDROS,CENTRO DE ESTUDIOS TECNOLOGICOS DEL MAR NUM. 11 EXTENSION ISLA DE CEDROS,UEMSTAYCM,02XCM0001I
BAJA CALIFORNIA,ENSENADA,POCITOS (VALLE DE LA TRINIDAD),CENTRO EMSAD VALLE DE LA TRINIDAD,EMSAD,02EMS0001V
BAJA CALIFORNIA,ENSENADA,REAL DEL CASTILLO VIEJO,CENTRO EMSAD REAL DEL CASTILLO,EMSAD,02EMS0006Q
BAJA CALIFORNIA,ENSENADA RO,DOLFO SÁNCHEZ TABOADA (MANEADE,RCOO)LEGIO DE BACHILLERES DE BAJA CALIFORNIA EXTENSION MANEADERO DEL PLANTEL ENSENADA,COBACH,02ECB0043N
BAJA CALIFORNIA,ENSENADA,SAN VICENTE,CENTRO EMSAD SAN VICENTE,EMSAD,02EMS0008O
BAJA CALIFORNIA,MEXICALCIIUDAD GU,ADALUPE VICTORIA (KILÓMETRO CUARE,NCOTAL EY GTRIOES D)E BACHILLERES DE BAJA CALIFORNIA PLANTEL GUADALUPE VICTORIA,COBACH,02ECB0006J
BAJA CALIFORNIA,MEXICALCIIUDAD GU,ADALUPE VICTORIA (KILÓMETRO CUARE,NCOTAL EY GTRIOES D)E ESTUDIOS CIENTIFICOS Y TECNOLOGICOS PLANTEL GPE. VICTORIA,CECYTE,02ETC0027L
BAJA CALIFORNIA,MEXICALI,CIUDAD MORELOS (CUERVOS),CAED CENTRO DE CAPACITACION PARA EL TRABAJO INDUSTRIAL NUM. 52,DGB (CAED),02DER0008H
BAJA CALIFORNIA,MEXICALI,CIUDAD MORELOS (CUERVOS),COLEGIO DE BACHILLERES DE BAJA CALIFORNIA PLANTEL CIUDAD MORELOS,COBACH,02ECB0012U
BAJA CALIFORNIA,MEXICALI,COLONIA AGRÍCOLA BENITO JUÁREZ,CENTRO DE BACHILLERATO TECNOLOGICO AGROPECUARIO NUM. 41,UEMSTAYCM,02DTA0041H
BAJA CALIFORNIA,MEXICALI,COLONIA CALLES,COLEGIO DE BACHILLERES DE BAJA CALIFORNIA PLANTEL MTRO. JOSE VASCONCELOS CALDERON,COBACH,02ECB0031I
BAJA CALIFORNIA,MEXICALI,EJIDO CHIAPAS 2,TELEBACHILLERATO COMUNITARIO CHIAPAS,TELEBACHCOMUNITARIOS,02ETK0007G
BAJA CALIFORNIA,MEXICALI,EJIDO HECHICERA,CENTRO DE BACHILLERATO TECNOLOGICO AGROPECUARIO NUM. 41,UEMSTAYCM,02XTA0001U
BAJA CALIFORNIA,MEXICALI EJ,IDO HERIBERTO JARA SECCIÓN CORONI,TTAELEBACHILLERATO COMUNITARIO CORONITAS,TELEBACHCOMUNITARIOS,02ETK0006H
BAJA CALIFORNIA,MEXICALI,EJIDO SINALOA (ESTACIÓN KASEY),CENTRO DE BACHILLERATO TECNOLOGICO AGROPECUARIO NUM. 328,UEMSTAYCM,02DTA0004D
ENTIDAD,MUNICIPIO,LOCALIDAD,NOMBRE DEL PLANTEL,SUBSISTEMA,CCT
BAJA CALIFORNIA,MEXICALI GONZ,ÁLEZ ORTEGA 1 (COLONIA BAJA CALIFO,RTNEILAE)BACHILLERATO COMUNITARIO GONZALEZ ORTEGA,TELEBACHCOMUNITARIOS,02ETK0008F
BAJA CALIFORNIA,MEXICALI ME,SA ARENOSA DE ANDRADE (VILLA ZAPA,TTAE)LEBACHILLERATO COMUNITARIO VILLA ZAPATA,TELEBACHCOMUNITARIOS,02ETK0001M
BAJA CALIFORNIA,MEXICALI,MEXICALI,"BACHILLERATO A DISTANCIA, SUBSISTEMA DE PREPARATORIA ABIERTA",PREPAABIERTA,02EEX0001Y
BAJA CALIFORNIA,MEXICALI,MEXICALI,CAED CENTRO DE CAPACITACION PARA EL TRABAJO INDUSTRIAL NUM. 21,DGB (CAED),02DER0009G
BAJA CALIFORNIA,MEXICALI,MEXICALI,CAED CENTRO DE CAPACITACION PARA EL TRABAJO INDUSTRIAL NUM. 84,DGB (CAED),02DER0007I
BAJA CALIFORNIA,MEXICALI,MEXICALI,CAED CENTRO DE ESTUDIOS TECNOLOGICOS INDUSTRIAL Y DE SERVICIOS NUM. 18,DGB (CAED),02DER0003M
BAJA CALIFORNIA,MEXICALI,MEXICALI,CENTRO DE BACHILLERATO TECNOLOGICO INDUSTRIAL Y DE SERVICIOS NUM. 140,UEMSTIS,02DCT0407V
BAJA CALIFORNIA,MEXICALI,MEXICALI,CENTRO DE BACHILLERATO TECNOLOGICO INDUSTRIAL Y DE SERVICIOS NUM. 21,UEMSTIS,02DCT0082F
BAJA CALIFORNIA,MEXICALI,MEXICALI,CENTRO DE ESTUDIOS TECNOLOGICOS INDUSTRIAL Y DE SERVICIOS NUM. 18,UEMSTIS,02DCT0018E
BAJA CALIFORNIA,MEXICALI,MEXICALI,CENTRO DE ESTUDIOS TECNOLOGICOS INDUSTRIAL Y DE SERVICIOS NUM. 75,UEMSTIS,02DCT0075W
BAJA CALIFORNIA,MEXICALI,MEXICALI,CENTRO EMSAD PARA TRABAJADORES NO. 1,EMSAD,02EMS0012A
BAJA CALIFORNIA,MEXICALI,MEXICALI,COLEGIO DE BACHILLERES DE BAJA CALIFORNIA LIC. HECTOR TERAN TERAN,COBACH,02ECB0046K
BAJA CALIFORNIA,MEXICALI,MEXICALI,COLEGIO DE BACHILLERES DE BAJA CALIFORNIA PLANTEL BAJA CALIFORNIA,COBACH,02ECB0007I
BAJA CALIFORNIA,MEXICALI,MEXICALI,COLEGIO DE BACHILLERES DE BAJA CALIFORNIA PLANTEL EJIDO NAYARIT,COBACH,02ECB0039A
BAJA CALIFORNIA,MEXICALI,MEXICALI,COLEGIO DE BACHILLERES DE BAJA CALIFORNIA PLANTEL ESTACION COAHUILA,COBACH,02ECB0038B
BAJA CALIFORNIA,MEXICALI,MEXICALI,COLEGIO DE BACHILLERES DE BAJA CALIFORNIA PLANTEL MEXICALI,COBACH,02ECB0003M
BAJA CALIFORNIA,MEXICALI,MEXICALI,COLEGIO DE BACHILLERES DE BAJA CALIFORNIA PLANTEL MIGUEL HIDALGO Y COSTILLA,COBACH,02ECB0001O
BAJA CALIFORNIA,MEXICALI,MEXICALI,COLEGIO DE ESTUDIOS CIENTIFICOS Y TECNOLOGICOS PLANTEL BELLA VISTA,CECYTE,02ETC0018D
BAJA CALIFORNIA,MEXICALI,MEXICALI,COLEGIO DE ESTUDIOS CIENTIFICOS Y TECNOLOGICOS PLANTEL CENTENARIO,CECYTE,02ETC0024O
BAJA CALIFORNIA,MEXICALI,MEXICALI,COLEGIO DE ESTUDIOS CIENTIFICOS Y TECNOLOGICOS PLANTEL COMPUERTAS,CECYTE,02ETC0007Y
BAJA CALIFORNIA,MEXICALI,MEXICALI,COLEGIO DE ESTUDIOS CIENTIFICOS Y TECNOLOGICOS PLANTEL EJIDO PUEBLA,CECYTE,02ETC0026M
BAJA CALIFORNIA,MEXICALI,MEXICALI,COLEGIO DE ESTUDIOS CIENTIFICOS Y TECNOLOGICOS PLANTEL LOS PINOS,CECYTE,02ETC0022Q
BAJA CALIFORNIA,MEXICALI,MEXICALI,COLEGIO DE ESTUDIOS CIENTIFICOS Y TECNOLOGICOS PLANTEL LOS PORTALES,CECYTE,02ETC0023P
BAJA CALIFORNIA,MEXICALI,MEXICALI,COLEGIO DE ESTUDIOS CIENTIFICOS Y TECNOLOGICOS PLANTEL MISIONES,CECYTE,02ETC0008X
BAJA CALIFORNIA,MEXICALI,MEXICALI,COLEGIO DE ESTUDIOS CIENTIFICOS Y TECNOLOGICOS PLANTEL XOCHIMILCO,CECYTE,02ETC0002C
BAJA CALIFORNIA,MEXICALI,MEXICALI,COLEGIO NACIONAL DE EDUCACION PROFESIONAL TECNICA NUM. 154,CONALEP,02DPT0012O
BAJA CALIFORNIA,MEXICALI,MEXICALI,COLEGIO NACIONAL DE EDUCACION PROFESIONAL TECNICA NUM. 17,CONALEP,02DPT0004F
BAJA CALIFORNIA,MEXICALI,NUEVO LEÓN,COLEGIO DE BACHILLERES DE BAJA CALIFORNIA PLANTEL EJIDO NUEVO LEON,COBACH,02ECB0010W
BAJA CALIFORNIA,MEXICALI,VICENTE GUERRERO (ALGODONES),COLEGIO DE ESTUDIOS CIENTIFICOS Y TECNOLOGICOS PLANTEL VICENTE GUERRERO,CECYTE,02ETC0010L
BAJA CALIFORNIA,PLAYAS DE ROSARITO,PLAYAS DE ROSARITO,CENTRO DE ESTUDIOS TECNOLOGICOS DEL MAR NUM. 40,UEMSTAYCM,02DCM0002U
BAJA CALIFORNIA,PLAYAS DE ROSARITO,PLAYAS DE ROSARITO,COLEGIO DE BACHILLERES DE BAJA CALIFORNIA PLANTEL PRIMER AYUNTAMIENTO PLAYAS DE ROSARI,TCOOBACH,02ECB0032H
BAJA CALIFORNIA,PLAYAS DE ROSARITO,PLAYAS DE ROSARITO,COLEGIO DE BACHILLERES DE BAJA CALIFORNIA PLANTEL ROSARITO,COBACH,02ECB0022A
BAJA CALIFORNIA,PLAYAS DE ROSARITO,PLAYAS DE ROSARITO,COLEGIO DE ESTUDIOS CIENTIFICOS Y TECNOLOGICOS PLANTEL ROSARITO,CECYTE,02ETC0012J
BAJA CALIFORNIA,PLAYAS DE ROSARITO,PRIMO TAPIA,COLEGIO DE ESTUDIOS CIENTIFICOS Y TECNOLOGICOS PLANTEL PRIMO TAPIA,CECYTE,02ETC0016F
BAJA CALIFORNIA,SAN FELIPE,COLONIA FRANCISCO VILLA,COLEGIO DE ESTUDIOS CIENTIFICOS Y TECNOLOGICOS PLANTEL SAN FELIPE,CECYTE,02ETC0011K
BAJA CALIFORNIA,SAN FELIPE,SAN FELIPE,CENTRO DE ESTUDIOS TECNOLOGICOS DEL MAR NUM. 40 EXTENSION SAN FELIPE,UEMSTAYCM,02XCM0004F
BAJA CALIFORNIA,SAN FELIPE,SAN FELIPE,COLEGIO DE BACHILLERES DE BAJA CALIFORNIA PLANTEL SAN FELIPE,COBACH,02ECB0026X
BAJA CALIFORNIA,SAN QUINTÍN,CAMALÚ,CENTRO DE BACHILLERATO TECNOLOGICO AGROPECUARIO NUM. 307,UEMSTAYCM,02DTA0001G
BAJA CALIFORNIA,SAN QUINTÍN,CAMALÚ,COLEGIO DE BACHILLERES DE BAJA CALIFORNIA PLANTEL CAMALU,COBACH,02ECB0036D
BAJA CALIFORNIA,SAN QUINTÍN,EJIDO EMILIANO ZAPATA,CENTRO DE BACHILLERATO TECNOLOGICO AGROPECUARIO NUM. 308,UEMSTAYCM,02DTA0002F
BAJA CALIFORNIA,SAN QUINTÍN,EJIDO NUEVO BAJA CALIFORNIA,CENTRO DE ESTUDIOS TECNOLOGICOS DEL MAR NUM. 42,UEMSTAYCM,02DCM0003T
BAJA CALIFORNIA,SAN QUINTÍN,EJIDO NUEVO BAJA CALIFORNIA,COLEGIO DE ESTUDIOS CIENTIFICOS Y TECNOLOGICOS PLANTEL SAN QUINTIN,CECYTE,02ETC0014H
BAJA CALIFORNIA,SAN QUINTÍN,EL ROSARIO DE ARRIBA,CENTRO EMSAD EL ROSARIO,EMSAD,02EMS0003T
BAJA CALIFORNIA,SAN QUINTÍN,HACIENDA SINALOA,TELEBACHILLERATO COMUNITARIO PUNTA COLONET,TELEBACHCOMUNITARIOS,02ETK0005I
BAJA CALIFORNIA,SAN QUINTÍN NU,EVO CENTRO DE POBLACIÓN PADRE KI,NCOENTRO DE BACHILLERATO TECNOLOGICO AGROPECUARIO NUM. 146,UEMSTAYCM,02DTA0146B
BAJA CALIFORNIA,SAN QUINTÍN,SAN QUINTÍN,COLEGIO DE BACHILLERES DE BAJA CALIFORNIA PLANTEL SAN QUINTIN,COBACH,02ECB0027W
BAJA CALIFORNIA,TECATE,EL ENCINAL,TELEBACHILLERATO COMUNITARIO EL ENCINAL,TELEBACHCOMUNITARIOS,02ETK0009E
BAJA CALIFORNIA,TECATE,EL TESTERAZO,TELEBACHILLERATO COMUNITARIO EL TESTERAZO,TELEBACHCOMUNITARIOS,02ETK0002L
BAJA CALIFORNIA,TECATE,LUIS ECHEVERRÍA ÁLVAREZ (EL HONGO,)CENTRO EMSAD EL HONGO,EMSAD,02EMS0007P
BAJA CALIFORNIA,TECATE,PASO DEL ÁGUILA,COLEGIO DE ESTUDIOS CIENTIFICOS Y TECNOLOGICOS PLANTEL TECATE,CECYTE,02ETC0013I
BAJA CALIFORNIA,TECATE,TECATE,"BACHILLERATO GENERAL MILITARIZADO ""TTE. ALBERTO BONILLA COLMENERO""",COBACH,02OBH0002P
BAJA CALIFORNIA,TECATE,TECATE,CAED CENTRO DE ESTUDIOS TECNOLOGICOS INDUSTRIAL Y DE SERVICIOS NUM. 25,DGB (CAED),02DER0005K
BAJA CALIFORNIA,TECATE,TECATE,CENTRO DE ESTUDIOS TECNOLOGICOS INDUSTRIAL Y DE SERVICIOS NUM. 25,UEMSTIS,02DCT0410I
BAJA CALIFORNIA,TECATE,TECATE,CENTRO EMSAD PARA TRABAJADORES NO. 3,EMSAD,02EMS0014Z
BAJA CALIFORNIA,TECATE,TECATE,COLEGIO DE BACHILLERES DE BAJA CALIFORNIA MTRO. ALONSO LUJAMBIO IRAZABAL,COBACH,02ECB0042O
BAJA CALIFORNIA,TECATE,TECATE,COLEGIO DE BACHILLERES DE BAJA CALIFORNIA PLANTEL TECATE,COBACH,02ECB0013T
BAJA CALIFORNIA,TECATE,TECATE,COLEGIO NACIONAL DE EDUCACION PROFESIONAL TECNICA NUM. 215 ING. CESAR MORENO MAR,CONALEP,02DPT0014M
BAJA CALIFORNIA,TECATE,VALLE DE LAS PALMAS,CENTRO EMSAD VALLE DE LAS PALMAS,EMSAD,02EMS0011B
BAJA CALIFORNIA,TIJUANA,LAS PALMAS,ESCUELA PREPARATORIA FEDERAL LAZARO CARDENAS III,DGB,02DBH1003P
BAJA CALIFORNIA,TIJUANA,TIJUANA,"BACHILLERATO GENERAL MILITARIZADO ""GENERAL ENRIQUE BORDES MANGEL""",COBACH,02OBH0001Q
BAJA CALIFORNIA,TIJUANA,TIJUANA,CAED CENTRO DE BACHILLERATO TECNOLOGICO INDUSTRIAL Y DE SERVICIOS NUM. 116,DGB (CAED),02DER0004L
BAJA CALIFORNIA,TIJUANA,TIJUANA,CAED CENTRO DE ESTUDIOS TECNOLOGICOS INDUSTRIAL Y DE SERVICIOS NUM. 156,DGB (CAED),02DER0006J
BAJA CALIFORNIA,TIJUANA,TIJUANA,CAED ESCUELA PREPARATORIA FEDERAL LAZARO CARDENAS,DGB (CAED),02DER0001O
BAJA CALIFORNIA,TIJUANA,TIJUANA,CENTRO DE BACHILLERATO TECNOLOGICO INDUSTRIAL Y DE SERVICIOS NO. 277,UEMSTIS,02DCT0277S
BAJA CALIFORNIA,TIJUANA,TIJUANA,CENTRO DE BACHILLERATO TECNOLOGICO INDUSTRIAL Y DE SERVICIOS NO.278,UEMSTIS,02DCT0278R
BAJA CALIFORNIA,TIJUANA,TIJUANA,CENTRO DE BACHILLERATO TECNOLOGICO INDUSTRIAL Y DE SERVICIOS NUM. 116,UEMSTIS,02DCT0406W
BAJA CALIFORNIA,TIJUANA,TIJUANA,CENTRO DE BACHILLERATO TECNOLOGICO INDUSTRIAL Y DE SERVICIOS NUM. 146,UEMSTIS,02DCT0408U
BAJA CALIFORNIA,TIJUANA,TIJUANA,CENTRO DE BACHILLERATO TECNOLOGICO INDUSTRIAL Y DE SERVICIOS NUM. 155,UEMSTIS,02DCT0409T
BAJA CALIFORNIA,TIJUANA,TIJUANA,CENTRO DE BACHILLERATO TECNOLOGICO INDUSTRIAL Y DE SERVICIOS NUM. 237,UEMSTIS,02DCT0237R
BAJA CALIFORNIA,TIJUANA,TIJUANA,CENTRO DE ESTUDIOS TECNOLOGICOS INDUSTRIAL Y DE SERVICIOS NUM. 156,UEMSTIS,02DCT0412G
BAJA CALIFORNIA,TIJUANA,TIJUANA,CENTRO DE ESTUDIOS TECNOLOGICOS INDUSTRIAL Y DE SERVICIOS NUM. 58,UEMSTIS,02DCT0058F
BAJA CALIFORNIA,TIJUANA,TIJUANA,CENTRO EMSAD PARA TRABAJADORES NO.2,EMSAD,02EMS0013Z
BAJA CALIFORNIA,TIJUANA,TIJUANA,COLEGIO DE BACHILLERES DE BAJA CALIFORNIA EXTENSION MTRO. RUBEN VIZCAINO VALENCIA,COBACH,02ECB0041P
BAJA CALIFORNIA,TIJUANA,TIJUANA,COLEGIO DE BACHILLERES DE BAJA CALIFORNIA EXTENSION TIJUANA SIGLO XXI,COBACH,02ECB0047J
BAJA CALIFORNIA,TIJUANA,TIJUANA,COLEGIO DE BACHILLERES DE BAJA CALIFORNIA LA PRESA,COBACH,02ECB0048I
BAJA CALIFORNIA,TIJUANA,TIJUANA,COLEGIO DE BACHILLERES DE BAJA CALIFORNIA PLANTEL EL FLORIDO,COBACH,02ECB0045L
BAJA CALIFORNIA,TIJUANA,TIJUANA,COLEGIO DE BACHILLERES DE BAJA CALIFORNIA PLANTEL LA MESA,COBACH,02ECB0019N
ENTIDAD,MUNICIPIO,LOCALIDAD,NOMBRE DEL PLANTEL,SUBSISTEMA,CCT
BAJA CALIFORNIA,TIJUANA,TIJUANA,COLEGIO DE BACHILLERES DE BAJA CALIFORNIA PLANTEL MTRO. RUBEN VIZCAINO VALENCIA,COBACH,02ECB0016Q
BAJA CALIFORNIA,TIJUANA,TIJUANA,COLEGIO DE BACHILLERES DE BAJA CALIFORNIA PLANTEL NUEVA TIJUANA,COBACH,02ECB0034F
BAJA CALIFORNIA,TIJUANA,TIJUANA,COLEGIO DE BACHILLERES DE BAJA CALIFORNIA PLANTEL TIJUANA,COBACH,02ECB0049H
BAJA CALIFORNIA,TIJUANA,TIJUANA,COLEGIO DE BACHILLERES DE BAJA CALIFORNIA PLANTEL TIJUANA SIGLO XXI,COBACH,02ECB0033G
BAJA CALIFORNIA,TIJUANA,TIJUANA,COLEGIO DE ESTUDIOS CIENTIFICOS Y TECNOLOGICOS PLANTEL ALTIPLANO,CECYTE,02ETC0019C
BAJA CALIFORNIA,TIJUANA,TIJUANA,COLEGIO DE ESTUDIOS CIENTIFICOS Y TECNOLOGICOS PLANTEL CACHANILLA,CECYTE,02ETC0015G
BAJA CALIFORNIA,TIJUANA,TIJUANA,COLEGIO DE ESTUDIOS CIENTIFICOS Y TECNOLOGICOS PLANTEL EL FLORIDO,CECYTE,02ETC0003B
BAJA CALIFORNIA,TIJUANA,TIJUANA,COLEGIO DE ESTUDIOS CIENTIFICOS Y TECNOLOGICOS PLANTEL EL NIÑO,CECYTE,02ETC0009W
BAJA CALIFORNIA,TIJUANA,TIJUANA,COLEGIO DE ESTUDIOS CIENTIFICOS Y TECNOLOGICOS PLANTEL LA PRESA,CECYTE,02ETC0020S
BAJA CALIFORNIA,TIJUANA,TIJUANA,COLEGIO DE ESTUDIOS CIENTIFICOS Y TECNOLOGICOS PLANTEL LAS AGUILAS,CECYTE,02ETC0017E
BAJA CALIFORNIA,TIJUANA,TIJUANA,COLEGIO DE ESTUDIOS CIENTIFICOS Y TECNOLOGICOS PLANTEL LAZARO CARDENAS,CECYTE,02ETC0025N
BAJA CALIFORNIA,TIJUANA,TIJUANA,COLEGIO DE ESTUDIOS CIENTIFICOS Y TECNOLOGICOS PLANTEL PACIFICO,CECYTE,02ETC0001D
BAJA CALIFORNIA,TIJUANA,TIJUANA,COLEGIO DE ESTUDIOS CIENTIFICOS Y TECNOLOGICOS PLANTEL PLAYAS DE TIJUANA,CECYTE,02ETC0021R
BAJA CALIFORNIA,TIJUANA,TIJUANA,COLEGIO DE ESTUDIOS CIENTIFICOS Y TECNOLOGICOS PLANTEL URBIVILLAS,CECYTE,02ETC0028K
BAJA CALIFORNIA,TIJUANA,TIJUANA,COLEGIO DE ESTUDIOS CIENTIFICOS Y TECNOLOGICOS PLANTEL VILLA DEL SOL,CECYTE,02ETC0005Z
BAJA CALIFORNIA,TIJUANA,TIJUANA,COLEGIO DE ESTUDIOS CIENTIFICOS Y TECNOLOGICOS PLANTEL ZONA RIO,CECYTE,02ETC0006Z
BAJA CALIFORNIA,TIJUANA,TIJUANA,"COLEGIO NACIONAL DE EDUCACION PROFESIONAL TECNICA NUM. 143 ""TIJUANA II",CONALEP,02DPT0008B
BAJA CALIFORNIA,TIJUANA,TIJUANA,"COLEGIO NACIONAL DE EDUCACION PROFESIONAL TECNICA NUM. 18 ""TIJUANA I",CONALEP,02DPT0010Q
BAJA CALIFORNIA,TIJUANA,TIJUANA,ESCUELA PREPARATORIA FEDERAL LAZARO CARDENAS,DGB,02DBH0001K
BAJA CALIFORNIA,TIJUANA,TIJUANA,ESCUELA PREPARATORIA FEDERAL LAZARO CARDENAS II,DGB,02DBH1002Q
BAJA CALIFORNIA,TIJUANA,TIJUANA,EXTENSIÓN LA PRESA,COBACH,02ECB0050X
BAJA CALIFORNIA,TIJUANA,TIJUANA,TELEBACHILLERATO COMUNITARIO CAMINO VERDE,TELEBACHCOMUNITARIOS,02ETK0014Q
BAJA CALIFORNIA,TIJUANA,TIJUANA,TELEBACHILLERATO COMUNITARIO DE LAS CRUCES,TELEBACHCOMUNITARIOS,02ETK0003K
BAJA CALIFORNIA,TIJUANA,TIJUANA,TELEBACHILLERATO COMUNITARIO GENARO VÁZQUEZ,TELEBACHCOMUNITARIOS,02ETK0012S
BAJA CALIFORNIA,TIJUANA,TIJUANA,TELEBACHILLERATO COMUNITARIO JAVIER ROJO GÓMEZ,TELEBACHCOMUNITARIOS,02ETK0013R
BAJA CALIFORNIA,TIJUANA,TIJUANA,TELEBACHILLERATO COMUNITARIO LAS CUMBRES,TELEBACHCOMUNITARIOS,02ETK0010U
BAJA CALIFORNIA,TIJUANA,TIJUANA,TELEBACHILLERATO COMUNITARIO VISTA ENCANTADA,TELEBACHCOMUNITARIOS,02ETK0011T
BAJA CALIFORNIA SUR,COMONDÚ,BENITO JUÁREZ,CENTRO DE EDUCACIÓN MEDIA SUPERIOR A DISTANCIA NÚM. 09 BENITO JUÁREZ,EMSAD,03EMS0011A
BAJA CALIFORNIA SUR,COMONDÚ,CIUDAD CONSTITUCIÓN,CENTRO DE BACHILLERATO TECNOLÓGICO AGROPECUARIO NÚM. 294,UEMSTAYCM,03DTA0001F
BAJA CALIFORNIA SUR,COMONDÚ,CIUDAD CONSTITUCIÓN,CENTRO DE ESTUDIOS TECNOLOGICOS INDUSTRIAL Y DE SERVICIOS NUM. 81,UEMSTIS,03DCT0001D
BAJA CALIFORNIA SUR,COMONDÚ,CIUDAD CONSTITUCIÓN,"COLEGIO DE BACHILLERES DEL ESTADO DE B.C.S., PLANTEL 05",COBACH,03ECB0005J
BAJA CALIFORNIA SUR,COMONDÚ,CIUDAD CONSTITUCIÓN,"COLEGIO DE BACHILLERES DEL ESTADO DE B.C.S., PLANTEL 08",COBACH,03ECB0008G
BAJA CALIFORNIA SUR,COMONDÚ,CIUDAD CONSTITUCIÓN,COLEGIO DE ESTUDIOS CIENTIFICOS Y TECNOLOGICOS PLANTEL 10,CECYTE,03ETC0013H
BAJA CALIFORNIA SUR,COMONDÚ,CIUDAD INSURGENTES,CENTRO DE BACHILLERATO TECNOLOGICO AGROPECUARIO NUM. 27,UEMSTAYCM,03DTA0027N
BAJA CALIFORNIA SUR,COMONDÚ,CIUDAD INSURGENTES,CENTRO DE EDUCACIÓN MEDIA SUPERIOR A DISTANCIA NÚM. 08 CD. INSURGENTES,EMSAD,03EMS0008N
BAJA CALIFORNIA SUR,COMONDÚ,LA POZA GRANDE,TELEBACHILLERATO COMUNITARIO 14,TELEBACHCOMUNITARIOS,03ETK0014P
BAJA CALIFORNIA SUR,COMONDÚ,LAS BARRANCAS,TELEBACHILLERATO COMUNITARIO 15,TELEBACHCOMUNITARIOS,03ETK0015O
BAJA CALIFORNIA SUR,COMONDÚ L,EY FEDERAL DE AGUAS NÚMERO CUATR,OTELEBACHILLERATO COMUNITARIO 16,TELEBACHCOMUNITARIOS,03ETK0016N
BAJA CALIFORNIA SUR,COMONDÚ,LEY FEDERAL DE AGUAS NÚMERO UNO,TELEBACHILLERATO COMUNITARIO 8,TELEBACHCOMUNITARIOS,03ETK0008E
BAJA CALIFORNIA SUR,COMONDÚ,PALO BOLA,TELEBACHILLERATO COMUNITARIO 17,TELEBACHCOMUNITARIOS,03ETK0017M
BAJA CALIFORNIA SUR,COMONDÚ,PUERTO ADOLFO LÓPEZ MATEOS,CENTRO DE EDUCACIÓN MEDIA SUPERIOR A DISTANCIA NÚM. 10 PUERTO ADOLFO LÓPEZ MATEOS,EMSAD,03EMS0013Z
BAJA CALIFORNIA SUR,COMONDÚ,PUERTO ALCATRAZ,TELEBACHILLERATO COMUNITARIO 18,TELEBACHCOMUNITARIOS,03ETK0018L
BAJA CALIFORNIA SUR,COMONDÚ,PUERTO SAN CARLOS,CENTRO DE ESTUDIOS TECNOLOGICOS DEL MAR NUM. 30,UEMSTAYCM,03DCM0004R
BAJA CALIFORNIA SUR,COMONDÚ,SAN ISIDRO,CENTRO DE EDUCACIÓN MEDIA SUPERIOR A DISTANCIA NÚM. 11 SAN ISIDRO,EMSAD,03EMS0014Y
BAJA CALIFORNIA SUR,COMONDÚ,SAN JUANICO,TELEBACHILLERATO COMUNITARIO 3,TELEBACHCOMUNITARIOS,03ETK0003J
BAJA CALIFORNIA SUR,COMONDÚ,SANTO DOMINGO,TELEBACHILLERATO COMUNITARIO 2,TELEBACHCOMUNITARIOS,03ETK0002K
BAJA CALIFORNIA SUR,COMONDÚ,VILLA IGNACIO ZARAGOZA,TELEBACHILLERATO COMUNITARIO 19,TELEBACHCOMUNITARIOS,03ETK0019K
BAJA CALIFORNIA SUR,COMONDÚ,VILLA MORELOS,TELEBACHILLERATO COMUNITARIO 31,TELEBACHCOMUNITARIOS,03ETK0031F
BAJA CALIFORNIA SUR,LA PAZ,CHAMETLA,TELEBACHILLERATO COMUNITARIO 33,TELEBACHCOMUNITARIOS,03ETK0033D
BAJA CALIFORNIA SUR,LA PAZ,EL CARDONAL,TELEBACHILLERATO COMUNITARIO 20,TELEBACHCOMUNITARIOS,03ETK0020Z
BAJA CALIFORNIA SUR,LA PAZ,EL CARRIZAL,TELEBACHILLERATO COMUNITARIO 6,TELEBACHCOMUNITARIOS,03ETK0006G
BAJA CALIFORNIA SUR,LA PAZ,EL CENTENARIO,COLEGIO DE ESTUDIOS CIENTIFICOS Y TECNOLOGICOS PLANTEL 11,CECYTE,03ETC0014G
BAJA CALIFORNIA SUR,LA PAZ,EL PESCADERO,TELEBACHILLERATO COMUNITARIO 1,TELEBACHCOMUNITARIOS,03ETK0001L
BAJA CALIFORNIA SUR,LA PAZ,EL SARGENTO,TELEBACHILLERATO COMUNITARIO 21,TELEBACHCOMUNITARIOS,03ETK0021Z
BAJA CALIFORNIA SUR,LA PAZ,LA PAZ,"CENTRO DE ATENCION PARA ESTUDIANTES CON DISCAPACIDAD, CBTIS 062",DGB (CAED),03DER0004K
BAJA CALIFORNIA SUR,LA PAZ,LA PAZ,"CENTRO DE ATENCION PARA ESTUDIANTES CON DISCAPACIDAD, CEB 8/2",DGB (CAED),03DER0005J
BAJA CALIFORNIA SUR,LA PAZ,LA PAZ,"CENTRO DE ATENCION PARA ESTUDIANTES CON DISCAPACIDAD, CETMAR 004",DGB (CAED),03DER0002M
BAJA CALIFORNIA SUR,LA PAZ,LA PAZ,CENTRO DE BACHILLERATO TECNOLOGICO INDUSTRIAL Y DE SERVICIOS NUM. 230,UEMSTIS,03DCT0230X
BAJA CALIFORNIA SUR,LA PAZ,LA PAZ,CENTRO DE BACHILLERATO TECNOLOGICO INDUSTRIAL Y DE SERVICIOS NUM. 62,UEMSTIS,03DCT0232V
BAJA CALIFORNIA SUR,LA PAZ,LA PAZ,CENTRO DE EDUCACION MEDIA SUPERIOR A DISTANCIA NUM. 13 GRAL. MANUEL MARQUEZ DE LEON,EMSAD,03EMS0017V
BAJA CALIFORNIA SUR,LA PAZ,LA PAZ,CENTRO DE ESTUDIOS DE BACHILLERATO,DGB,03DBP0002R
BAJA CALIFORNIA SUR,LA PAZ,LA PAZ,CENTRO DE ESTUDIOS TECNOLOGICOS DEL MAR NUM. 4,UEMSTAYCM,03DCM0001U
BAJA CALIFORNIA SUR,LA PAZ,LA PAZ,"COLEGIO DE BACHILLERES DEL ESTADO DE B.C.S., PLANTEL 01",COBACH,03ECB0001N
BAJA CALIFORNIA SUR,LA PAZ,LA PAZ,"COLEGIO DE BACHILLERES DEL ESTADO DE B.C.S., PLANTEL 03",COBACH,03ECB0003L
BAJA CALIFORNIA SUR,LA PAZ,LA PAZ,"COLEGIO DE BACHILLERES DEL ESTADO DE B.C.S., PLANTEL 11",COBACH,03ECB0011U
BAJA CALIFORNIA SUR,LA PAZ,LA PAZ,"COLEGIO DE BACHILLERES DEL ESTADO DE B.C.S., SEA UNIDAD 01",PREPAABIERTA,03DEX0002X
BAJA CALIFORNIA SUR,LA PAZ,LA PAZ,"COLEGIO DE BACHILLERES DEL ESTADO DE B.C.S., SEA UNIDAD 01",,03ECB0012T
BAJA CALIFORNIA SUR,LA PAZ,LA PAZ,COLEGIO DE ESTUDIOS CIENTIFICOS Y TECNOLOGICOS PLANTEL 08 LA PAZ,CECYTE,03ETC0008W
BAJA CALIFORNIA SUR,LA PAZ,LA PAZ,"COLEGIO NACIONAL DE EDUCACION PROFESIONAL TECNICA NUM. 19 PLANTEL ""LA PAZ""",CONALEP,03DPT0001H
BAJA CALIFORNIA SUR,LA PAZ,LA PAZ,OFICINA DE PREPARATORIA ABIERTA EN LA PAZ,PREPAABIERTA,03DEX0001Y
BAJA CALIFORNIA SUR,LA PAZ,LA PAZ,TELEBACHILLERATO COMUNITARIO 32,TELEBACHCOMUNITARIOS,03ETK0032E
BAJA CALIFORNIA SUR,LA PAZ,LA PAZ,TELEBACHILLERATO COMUNITARIO 34,TELEBACHCOMUNITARIOS,03ETK0034C
BAJA CALIFORNIA SUR,LA PAZ,LA PAZ,TELEBACHILLERATO COMUNITARIO 35,TELEBACHCOMUNITARIOS,03ETK0035B
BAJA CALIFORNIA SUR,LA PAZ,LA PAZ,TELEBACHILLERATO COMUNITARIO 45,TELEBACHCOMUNITARIOS,03ETK0045I
BAJA CALIFORNIA SUR,LA PAZ,LA PAZ,TELEBACHILLERATO COMUNITARIO 46,TELEBACHCOMUNITARIOS,03ETK0046H
BAJA CALIFORNIA SUR,LA PAZ,LA PAZ,TELEBACHILLERATO COMUNITARIO 47,TELEBACHCOMUNITARIOS,03ETK0047G
BAJA CALIFORNIA SUR,LA PAZ,LA SOLEDAD,TELEBACHILLERATO COMUNITARIO 13,TELEBACHCOMUNITARIOS,03ETK0013Q
ENTIDAD,MUNICIPIO,LOCALIDAD,NOMBRE DEL PLANTEL,SUBSISTEMA,CCT
BAJA CALIFORNIA SUR,LA PAZ,LAS POCITAS,CENTRO DE EDUCACIÓN MEDIA SUPERIOR A DISTANCIA NÚM. 12 LAS POCITAS,EMSAD,03EMS0016W
BAJA CALIFORNIA SUR,LA PAZ,LOS BARRILES,CENTRO DE EDUCACIÓN MEDIA SUPERIOR A DISTANCIA NÚM. 16 LOS BARRILES,EMSAD,03EMS0020I
BAJA CALIFORNIA SUR,LA PAZ,MELITÓN ALBÁÑEZ DOMÍNGUEZ,CENTRO DE EDUCACION MEDIA SUPERIOR A DISTANCIA NUM. 14 MELITON ALBAÑEZ,EMSAD,03EMS0018U
BAJA CALIFORNIA SUR,LA PAZ,NCPE CONQUISTA AGRARIA,TELEBACHILLERATO COMUNITARIO 22,TELEBACHCOMUNITARIOS,03ETK0022Y
BAJA CALIFORNIA SUR,LA PAZ,OLAS ALTAS,TELEBACHILLERATO COMUNITARIO 36,TELEBACHCOMUNITARIOS,03ETK0036A
BAJA CALIFORNIA SUR,LA PAZ,SAN ANTONIO,TELEBACHILLERATO COMUNITARIO 23,TELEBACHCOMUNITARIOS,03ETK0023X
BAJA CALIFORNIA SUR,LA PAZ,SAN JUAN DE LA COSTA,TELEBACHILLERATO COMUNITARIO 24,TELEBACHCOMUNITARIOS,03ETK0024W
BAJA CALIFORNIA SUR,LA PAZ,SAN JUAN DE LOS PLANES,COLEGIO DE ESTUDIOS CIENTIFICOS Y TECNOLOGICOS PLANTEL 09 LOS PLANES,CECYTE,03ETC0009V
BAJA CALIFORNIA SUR,LA PAZ,SAN PEDRO,TELEBACHILLERATO COMUNITARIO 7,TELEBACHCOMUNITARIOS,03ETK0007F
BAJA CALIFORNIA SUR,LA PAZ,SANTA RITA,TELEBACHILLERATO COMUNITARIO 25,TELEBACHCOMUNITARIOS,03ETK0025V
BAJA CALIFORNIA SUR,LA PAZ,TODOS SANTOS,COLEGIO DE ESTUDIOS CIENTIFICOS Y TECNOLOGICOS PLANTEL 02 TODOS SANTOS,CECYTE,03ETC0001C
BAJA CALIFORNIA SUR,LORETO,LIGÜÍ,TELEBACHILLERATO COMUNITARIO 4,TELEBACHCOMUNITARIOS,03ETK0004I
BAJA CALIFORNIA SUR,LORETO,LORETO,CENTRO DE ESTUDIOS DE BACHILLERATO 5/2 JOSE VASCONCELOS,DGB,03DBP0001S
BAJA CALIFORNIA SUR,LORETO,LORETO,"COLEGIO DE BACHILLERES DEL ESTADO DE B.C.S., PLANTEL 09",COBACH,03ECB0009F
BAJA CALIFORNIA SUR,LORETO,LORETO,EXTENSIÓN DEL CETMAR 30 LORETO,UEMSTAYCM,03XCM0002G
BAJA CALIFORNIA SUR,LORETO,PUERTO AGUA VERDE,TELEBACHILLERATO COMUNITARIO 26,TELEBACHCOMUNITARIOS,03ETK0026U
BAJA CALIFORNIA SUR,LOS CABOS,CABO SAN LUCAS,CENTRO DE BACHILLERATO TECNOLOGICO INDUSTRIAL Y DE SERVICIOS NUM. 256,UEMSTIS,03DCT0003B
BAJA CALIFORNIA SUR,LOS CABOS,CABO SAN LUCAS,CENTRO DE ESTUDIOS TECNOLOGICOS DEL MAR NUM. 31,UEMSTAYCM,03DCM0031O
BAJA CALIFORNIA SUR,LOS CABOS,CABO SAN LUCAS,"COLEGIO DE BACHILLERES DEL ESTADO DE B.C.S., PLANTEL 04",COBACH,03ECB0004K
BAJA CALIFORNIA SUR,LOS CABOS,CABO SAN LUCAS,"COLEGIO DE BACHILLERES DEL ESTADO DE B.C.S., PLANTEL 10",COBACH,03ECB0010V
BAJA CALIFORNIA SUR,LOS CABOS,CABO SAN LUCAS,COLEGIO DE ESTUDIOS CIENTIFICOS Y TECNOLOGICOS PLANTEL 05 CABO SAN LUCAS,CECYTE,03ETC0005Z
BAJA CALIFORNIA SUR,LOS CABOS,CABO SAN LUCAS,TELEBACHILLERATO COMUNITARIO 37,TELEBACHCOMUNITARIOS,03ETK0037Z
BAJA CALIFORNIA SUR,LOS CABOS,CABO SAN LUCAS,TELEBACHILLERATO COMUNITARIO 38,TELEBACHCOMUNITARIOS,03ETK0038Z
BAJA CALIFORNIA SUR,LOS CABOS,CABO SAN LUCAS,TELEBACHILLERATO COMUNITARIO 39,TELEBACHCOMUNITARIOS,03ETK0039Y
BAJA CALIFORNIA SUR,LOS CABOS,CABO SAN LUCAS,TELEBACHILLERATO COMUNITARIO 48,TELEBACHCOMUNITARIOS,03ETK0048F
BAJA CALIFORNIA SUR,LOS CABOS,CABO SAN LUCAS,TELEBACHILLERATO COMUNITARIO 49,TELEBACHCOMUNITARIOS,03ETK0049E
BAJA CALIFORNIA SUR,LOS CABOS,CABO SAN LUCAS,TELEBACHILLERATO COMUNITARIO 50,TELEBACHCOMUNITARIOS,03ETK0050U
BAJA CALIFORNIA SUR,LOS CABOS,CABO SAN LUCAS,TELEBACHILLERATO COMUNITARIO 51,TELEBACHCOMUNITARIOS,03ETK0051T
BAJA CALIFORNIA SUR,LOS CABOS,LA RIBERA,TELEBACHILLERATO COMUNITARIO 12,TELEBACHCOMUNITARIOS,03ETK0012R
BAJA CALIFORNIA SUR,LOS CABOS,MIRAFLORES,TELEBACHILLERATO COMUNITARIO 11,TELEBACHCOMUNITARIOS,03ETK0011S
BAJA CALIFORNIA SUR,LOS CABOS,SAN JOSÉ DEL CABO,"CENTRO DE ATENCION PARA ESTUDIANTES CON DISCAPACIDAD, CECATI 106",DGB (CAED),03DER0001N
BAJA CALIFORNIA SUR,LOS CABOS,SAN JOSÉ DEL CABO,CENTRO DE ESTUDIOS TECNOLÓGICOS DEL MAR 39,UEMSTAYCM,03DCM0003S
BAJA CALIFORNIA SUR,LOS CABOS,SAN JOSÉ DEL CABO,"COLEGIO DE BACHILLERES DEL ESTADO DE B.C.S., PLANTEL 02",COBACH,03ECB0002M
BAJA CALIFORNIA SUR,LOS CABOS,SAN JOSÉ DEL CABO,COLEGIO DE ESTUDIOS CIENTIFICOS Y TECNOLOGICOS PLANTEL 04 SAN JOSE,CECYTE,03ETC0004Z
BAJA CALIFORNIA SUR,LOS CABOS,SAN JOSÉ DEL CABO,COLEGIO DE ESTUDIOS CIENTIFICOS Y TECNOLOGICOS PLANTEL 07,CECYTE,03ETC0007X
BAJA CALIFORNIA SUR,LOS CABOS,SAN JOSÉ DEL CABO,"COLEGIO NACIONAL DE EDUCACION PROFESIONAL TECNICA PLANTEL ""SAN JOSE DEL CABO""",CONALEP,03DPT0002G
BAJA CALIFORNIA SUR,LOS CABOS,SAN JOSÉ DEL CABO,TELEBACHILLERATO COMUNITARIO 40,TELEBACHCOMUNITARIOS,03ETK0040N
BAJA CALIFORNIA SUR,LOS CABOS,SAN JOSÉ DEL CABO,TELEBACHILLERATO COMUNITARIO 42,TELEBACHCOMUNITARIOS,03ETK0042L
BAJA CALIFORNIA SUR,LOS CABOS,SAN JOSÉ DEL CABO,TELEBACHILLERATO COMUNITARIO 52,TELEBACHCOMUNITARIOS,03ETK0052S
BAJA CALIFORNIA SUR,LOS CABOS,SAN JOSÉ DEL CABO,TELEBACHILLERATO COMUNITARIO 53,TELEBACHCOMUNITARIOS,03ETK0053R
BAJA CALIFORNIA SUR,LOS CABOS,SAN JOSÉ DEL CABO,TELEBACHILLERATO COMUNITARIO 54,TELEBACHCOMUNITARIOS,03ETK0054Q
BAJA CALIFORNIA SUR,LOS CABOS,SAN JOSÉ DEL CABO,TELEBACHILLERATO COMUNITARIO 55,TELEBACHCOMUNITARIOS,03ETK0055P
BAJA CALIFORNIA SUR,LOS CABOS,SANTIAGO,COLEGIO DE ESTUDIOS CIENTIFICOS Y TECNOLOGICOS PLANTEL SANTIAGO,CECYTE,03ETC0002B
BAJA CALIFORNIA SUR,MULEGÉ,BAHÍA ASUNCIÓN,CENTRO DE EDUCACIÓN MEDIA SUPERIOR A DISTANCIA NÚM. 01 BAHÍA ASUNCIÓN,EMSAD,03EMS0001U
BAJA CALIFORNIA SUR,MULEGÉ,BAHÍA TORTUGAS,CENTRO DE EDUCACIÓN MEDIA SUPERIOR A DISTANCIA NÚM. 03 BAHÍA TORTUGAS,EMSAD,03EMS0003S
BAJA CALIFORNIA SUR,MULEGÉ,BENITO JUÁREZ,TELEBACHILLERATO COMUNITARIO 28,TELEBACHCOMUNITARIOS,03ETK0028S
BAJA CALIFORNIA SUR,MULEGÉ EJID,O LICENCIADO ALFREDO VLADIMIR BO,NTFEILLEBACHILLERATO COMUNITARIO 9,TELEBACHCOMUNITARIOS,03ETK0009D
BAJA CALIFORNIA SUR,MULEGÉ,EJIDO LUIS ECHEVERRÍA,TELEBACHILLERATO COMUNITARIO 29,TELEBACHCOMUNITARIOS,03ETK0029R
BAJA CALIFORNIA SUR,MULEGÉ,EJIDO SAN LUCAS,TELEBACHILLERATO COMUNITARIO 10,TELEBACHCOMUNITARIOS,03ETK0010T
BAJA CALIFORNIA SUR,MULEGÉ,EL DÁTIL,TELEBACHILLERATO COMUNITARIO 56,TELEBACHCOMUNITARIOS,03ETK0056O
BAJA CALIFORNIA SUR,MULEGÉ,EL SILENCIO,TELEBACHILLERATO COMUNITARIO 41,TELEBACHCOMUNITARIOS,03ETK0041M
BAJA CALIFORNIA SUR,MULEGÉ,GUERRERO NEGRO,"CENTRO DE ATENCION PARA ESTUDIANTES CON DISCAPACIDAD, CETMAR 021",DGB (CAED),03DER0003L
BAJA CALIFORNIA SUR,MULEGÉ,GUERRERO NEGRO,CENTRO DE ESTUDIOS TECNOLOGICOS DEL MAR NUM. 21,UEMSTAYCM,03DCM0002T
BAJA CALIFORNIA SUR,MULEGÉ,GUERRERO NEGRO,"COLEGIO DE BACHILLERES DEL ESTADO DE B.C.S., PLANTEL 07",COBACH,03ECB0007H
BAJA CALIFORNIA SUR,MULEGÉ,GUSTAVO DÍAZ ORDAZ,TELEBACHILLERATO COMUNITARIO 43,TELEBACHCOMUNITARIOS,03ETK0043K
BAJA CALIFORNIA SUR,MULEGÉ,HEROICA MULEGÉ,COLEGIO DE ESTUDIOS CIENTIFICOS Y TECNOLOGICOS PLANTEL MULEGE,CECYTE,03ETC0003A
BAJA CALIFORNIA SUR,MULEGÉ,ISLA SAN MARCOS,TELEBACHILLERATO COMUNITARIO 30,TELEBACHCOMUNITARIOS,03ETK0030G
BAJA CALIFORNIA SUR,MULEGÉ,LA BOCANA,CENTRO DE EDUCACIÓN MEDIA SUPERIOR A DISTANCIA NÚM. 06 LA BOCANA,EMSAD,03EMS0006P
BAJA CALIFORNIA SUR,MULEGÉ,PUNTA ABREOJOS,TELEBACHILLERATO COMUNITARIO 44,TELEBACHCOMUNITARIOS,03ETK0044J
BAJA CALIFORNIA SUR,MULEGÉ,SAN BRUNO,TELEBACHILLERATO COMUNITARIO 5,TELEBACHCOMUNITARIOS,03ETK0005H
BAJA CALIFORNIA SUR,MULEGÉ,SAN IGNACIO,CENTRO DE EDUCACIÓN MEDIA SUPERIOR A DISTANCIA NÚM. 07 SAN IGNACIO,EMSAD,03EMS0007O
BAJA CALIFORNIA SUR,MULEGÉ,SANTA ROSALÍA,CENTRO DE BACHILLERATO TECNOLOGICO INDUSTRIAL Y DE SERVICIOS NUM. 69,UEMSTIS,03DCT0242B
BAJA CALIFORNIA SUR,MULEGÉ,SANTA ROSALÍA,"COLEGIO DE BACHILLERES DEL ESTADO DE B.C.S., PLANTEL 06",COBACH,03ECB0006I
BAJA CALIFORNIA SUR,MULEGÉ VILL,A ALBERTO ANDRÉS ALVARADO ARÁMB,UCROOLEGIO DE ESTUDIOS CIENTIFICOS Y TECNOLOGICOS PLANTEL 06,CECYTE,03ETC0006Y
CAMPECHE,CALAKMUL,CONSTITUCIÓN,EDUCACION MEDIA SUPERIOR A DISTANCIA 22 CONSTITUCION,EMSAD,04EMS0022F
CAMPECHE,CALAKMUL,EL CARMEN II (LAS CARMELAS),EDUCACION MEDIA SUPERIOR A DISTANCIA 13 EL CARMEN II,EMSAD,04EMS0013Y
CAMPECHE,CALAKMUL,EL TESORO,EDUCACION MEDIA SUPERIOR A DISTANCIA 14 EL TESORO,EMSAD,04EMS0014X
CAMPECHE,CALAKMUL JO,SÉ MARÍA MORELOS Y PAVÓN (CIVALIT,OE)DUCACION MEDIA SUPERIOR A DISTANCIA 08 JOSE MARIA MORELOS Y PAVON,EMSAD,04EMS0008M
CAMPECHE,CALAKMUL,UNIÓN 20 DE JUNIO (MANCOLONA),TELEBACHILLERATO COMUNITARIO,TELEBACHCOMUNITARIOS,04ETK0003I
CAMPECHE,CALAKMUL,XPUJIL,COLEGIO DE BACHILLERES PLANTEL 14 XPUJIL,COBACH,04ECB0014Q
CAMPECHE,CALAKMUL,ZOH-LAGUNA (ÁLVARO OBREGÓN),CENTRO DE BACHILLERATO TECNOLOGICO FORESTAL NUM. 7,UEMSTAYCM,04DTA0007Z
CAMPECHE,CALKINÍ,BÉCAL,CENTRO DE BACHILLERATO TECNOLOGICO AGROPECUARIO NUM 169,UEMSTAYCM,04XTA0169Y
CAMPECHE,CALKINÍ,BÉCAL,COLEGIO DE BACHILLERES PLANTEL 11 BECAL,COBACH,04ECB0011T
CAMPECHE,CALKINÍ,CALKINÍ,CENTRO DE ATENCION PARA ESTUDIANTES CON DISCAPACIDAD CBTIS 126,DGB (CAED),04DER0003K
CAMPECHE,CALKINÍ,CALKINÍ,CENTRO DE BACHILLERATO TECNOLOGICO INDUSTRIAL Y DE SERVICIOS NUM 126,UEMSTIS,04DCT0427G
CAMPECHE,CALKINÍ,CALKINÍ,COLEGIO DE BACHILLERES PLANTEL 13 CALKINI,COBACH,04ECB0013R
CAMPECHE,CALKINÍ,ISLA ARENA,TELEBACHILLERATO COMUNITARIO ISLA ARENA,TELEBACHCOMUNITARIOS,04ETK0010S
ENTIDAD,MUNICIPIO,LOCALIDAD,NOMBRE DEL PLANTEL,SUBSISTEMA,CCT
CAMPECHE,CALKINÍ,NUNKINÍ,COLEGIO DE BACHILLERES PLANTEL 08 NUNKINI,COBACH,04ECB0008F
CAMPECHE,CAMPECHE,ADOLFO RUIZ CORTÍNEZ,TELEBACHILLERATO COMUNITARIO ADOLFO RUIZ CORTINEZ,TELEBACHCOMUNITARIOS,04ETK0013P
CAMPECHE,CAMPECHE,ALFREDO V. BONFIL,COLEGIO DE ESTUDIOS CIENTIFICOS Y TECNOLOGICOS DEL ESTADO PLANTEL ALFREDO V BONFIL,CECYTE,04ETC0001B
CAMPECHE,CAMPECHE,CHINÁ,EDUCACION MEDIA SUPERIOR A DISTANCIA 18 CHINA,EMSAD,04EMS0018T
CAMPECHE,CAMPECHE EX-HA,CIENDA SANTA CRISTINA (CBTA NÚME,RCOE 1N5T)RO DE BACHILLERATO TECNOLOGICO AGROPECUARIO NUM 15,UEMSTAYCM,04DTA0015H
CAMPECHE,CAMPECHE,LERMA,COLEGIO DE BACHILLERES PLANTEL 19 LERMA,COBACH,04ECB0019L
CAMPECHE,CAMPECHE,PICH,EDUCACION MEDIA SUPERIOR A DISTANCIA 20 PICH,EMSAD,04EMS0020H
CAMPECHE,CAMPECHE,SAN FRANCISCO DE CAMPECHE,BTED CAMPECHE,BTED,04DED0001J
CAMPECHE,CAMPECHE,SAN FRANCISCO DE CAMPECHE,COLEGIO DE ESTUDIOS CIENTIFICOS Y TECNOLOGICOS DEL ESTADO PLANTEL CAMPECHE,CECYTE,04ETC0009U
CAMPECHE,CAMPECHE,SAN FRANCISCO DE CAMPECHE,CENTRO DE ATENCION PARA ESTUDIANTES CON DISCAPACIDADCBTIS 009,DGB (CAED),04DER0002L
CAMPECHE,CAMPECHE,SAN FRANCISCO DE CAMPECHE,CENTRO DE BACHILLERATO TECNOLOGICO INDUSTRIAL Y DE SERVICIOS NUM 9,UEMSTIS,04DCT0022P
CAMPECHE,CAMPECHE,SAN FRANCISCO DE CAMPECHE,CENTRO DE ESTUDIOS TECNOLOGICOS DEL MAR NUM 02,UEMSTAYCM,04DCM0001T
CAMPECHE,CAMPECHE,SAN FRANCISCO DE CAMPECHE,"ESCUELA PREPARATORIA ""PROFR. RAMÓN BERZUNZA HERRERA""",BACHEST,04EBH0016J
CAMPECHE,CAMPECHE,SAN FRANCISCO DE CAMPECHE,"ESCUELA PREPARATORIA ""PROFR. RAMÓN BERZUNZA HERRERA""",BACHEST,04EBH0022U
CAMPECHE,CAMPECHE,SAN FRANCISCO DE CAMPECHE,ESCUELA PREPARATORIA DR NAZARIO VICTOR MONTEJO GODOY,AUTÓNOMA,04UBH0002Y
CAMPECHE,CAMPECHE,SAN FRANCISCO DE CAMPECHE,ESCUELA PREPARATORIA ESTATAL POR COOPERACION FERNANDO E ANGLI LARA,BACHEST,04ECT0001B
CAMPECHE,CAMPECHE,SAN FRANCISCO DE CAMPECHE,ESCUELA PREPARATORIA LIC ERMILO SANDOVAL CAMPOS,AUTÓNOMA,04UBH0001Z
CAMPECHE,CAMPECHE,SAN FRANCISCO DE CAMPECHE,PLANTEL CONALEP 020 LIC GUILLERMO GONZALEZ GALERA,CONALEP,04DPT0001G
CAMPECHE,CAMPECHE,SAN FRANCISCO DE CAMPECHE,PREPARATORIA EN LÍNEA DEL INSTITUTO CAMPECHANO,BACHEST,04EBH0027P
CAMPECHE,CAMPECHE,SAN FRANCISCO DE CAMPECHE,SUBSISTEMA PREPARATORIA ABIERTA,PREPAABIERTA,04EEX0001W
CAMPECHE,CAMPECHE,TIKINMUL,TELEBACHILLERATO COMUNITARIO TIKINMUL,TELEBACHCOMUNITARIOS,04ETK0005G
CAMPECHE,CANDELARIA,CANDELARIA,COLEGIO DE BACHILLERES PLANTEL 02 CANDELARIA,COBACH,04ECB0002L
CAMPECHE,CANDELARIA,EL DESENGAÑO,EDUCACION MEDIA SUPERIOR A DISTANCIA 07 EL DESENGAÑO,EMSAD,04EMS0007N
CAMPECHE,CANDELARIA,EL NARANJO,CENTRO DE EDUCACION MEDIA SUPERIOR A DISTANCIA 21 EL NARANJO,EMSAD,04EMS0021G
CAMPECHE,CANDELARIA,LA ESMERALDA,EDUCACION MEDIA SUPERIOR A DISTANCIA 04 LA ESMERALDA,EMSAD,04EMS0004Q
CAMPECHE,CANDELARIA,MIGUEL HIDALGO Y COSTILLA,COLEGIO DE ESTUDIOS CIENTIFICOS Y TECNOLOGICOS DEL ESTADO PLANTEL MIGUEL HIDALGO,CECYTE,04ETC0004Z
CAMPECHE,CANDELARIA,PABLO GARCÍA,TELEBACHILLERATO COMUNITARIO,TELEBACHCOMUNITARIOS,04ETK0004H
CAMPECHE,CANDELARIA,SAN JOSÉ DE LAS MONTAÑAS,TELEBACHILLERATO COMUNITARIO SAN JOSE DE LAS MONTAÑAS,TELEBACHCOMUNITARIOS,04ETK0018K
CAMPECHE,CARMEN,ATASTA,COLEGIO DE BACHILLERES PLANTEL 05 ATASTA,COBACH,04ECB0005I
CAMPECHE,CARMEN,CHICBUL,COLEGIO DE BACHILLERES PLANTEL 10 CHICBUL,COBACH,04ECB0010U
CAMPECHE,CARMEN,CIUDAD DEL CARMEN,CENTRO DE ATENCION PARA ESTUDIANTES CON DISCAPACIDAD CECATI 050,DGB (CAED),04DER0001M
CAMPECHE,CARMEN,CIUDAD DEL CARMEN,CENTRO DE ATENCION PARA ESTUDIANTES CON DISCAPACIDAD CETMAR 29,DGB (CAED),04DER0005I
CAMPECHE,CARMEN,CIUDAD DEL CARMEN,CENTRO DE ESTUDIOS TECNOLOGICOS DEL MAR NUM 29,UEMSTAYCM,04DCM0002S
CAMPECHE,CARMEN,CIUDAD DEL CARMEN,CENTRO DE ESTUDIOS TECNOLOGICOS INDUSTRIAL Y DE SERVICIOS NUM 20,UEMSTIS,04DCT0021Q
CAMPECHE,CARMEN,CIUDAD DEL CARMEN,ESCUELA PREPARATORIA DIURNA,AUTÓNOMA,04UBH0006U
CAMPECHE,CARMEN,CIUDAD DEL CARMEN,PLANTEL CONALEP 021 CIUDAD DEL CARMEN,CONALEP,04DPT0002F
CAMPECHE,CARMEN,CONQUISTA CAMPESINA,EDUCACION MEDIA SUPERIOR A DISTANCIA 19 CONQUISTA CAMPESINA,EMSAD,04EMS0019S
CAMPECHE,CARMEN,EL AGUACATAL,EDUCACION MEDIA SUPERIOR A DISTANCIA 09 EL AGUACATAL,EMSAD,04EMS0009L
CAMPECHE,CARMEN,ISLA AGUADA,EDUCACION MEDIA SUPERIOR A DISTANCIA 03 ISLA AGUADA,EMSAD,04EMS0003R
CAMPECHE,CARMEN LICEN,CIADO GUSTAVO DÍAZ ORDAZ (18 DE M,ATREZLOE)BACHILLERATO COMUNITARIO GUSTAVO DIAZ ORDAZ,TELEBACHCOMUNITARIOS,04ETK0017L
CAMPECHE,CARMEN,MAMANTEL (PANCHO VILLA),COLEGIO DE BACHILLERES PLANTEL 06 MAMANTEL,COBACH,04ECB0006H
CAMPECHE,CARMEN,NUEVO PROGRESO,COLEGIO DE BACHILLERES PLANTEL 17 NUEVO PROGRESO,COBACH,04ECB0017N
CAMPECHE,CARMEN,OXCABAL,TELEBACHILLERATO COMUNITARIO,TELEBACHCOMUNITARIOS,04ETK0001K
CAMPECHE,CARMEN,SABANCUY,ESCUELA PREPARATORIA PROFR MANUEL J GARCIA PINTO,AUTÓNOMA,04UBH0004W
CAMPECHE,CHAMPOTÓN,CARLOS SALINAS DE GORTARI,TELEBACHILLERATO COMUNITARIO CARLOS SALINAS DE GORTARI,TELEBACHCOMUNITARIOS,04ETK0016M
CAMPECHE,CHAMPOTÓN,CARRILLO PUERTO,COLEGIO DE ESTUDIOS CIENTIFICOS Y TECNOLOGICOS DEL ESTADO PLANTEL FELIPE CARRILLO PUERT,OCECYTE,04ETC0008V
CAMPECHE,CHAMPOTÓN,CHAMPOTÓN,CENTRO DE ATENCION PARA ESTUDIANTES CON DISCAPACIDAD CETIS 082,DGB (CAED),04DER0004J
CAMPECHE,CHAMPOTÓN,CHAMPOTÓN,CENTRO DE ESTUDIOS TECNOLOGICOS INDUSTRIAL Y DE SERVICIOS NUM 82,UEMSTIS,04DCT0001C
CAMPECHE,CHAMPOTÓN,CHAMPOTÓN,COLEGIO DE BACHILLERES PLANTEL 09 CHAMPOTON,COBACH,04ECB0009E
CAMPECHE,CHAMPOTÓN,CHAMPOTÓN,ESCUELA PREPARATORIA NOCTURNA CHAMPOTON,BACHEST,04EBH0013M
CAMPECHE,CHAMPOTÓN,LEY FEDERAL DE REFORMA AGRARIA,COLEGIO DE BACHILLERES PLANTEL 15 LEY FEDERAL DE REFORMA AGRARIA,COBACH,04ECB0015P
CAMPECHE,CHAMPOTÓN,MIGUEL COLORADO,TELEBACHILLERATO COMUNITARIO MIGUEL COLORADO,TELEBACHCOMUNITARIOS,04ETK0011R
CAMPECHE,CHAMPOTÓN,NAYARIT CASTELLOT,TELEBACHILLERATO COMUNITARIO NAYARIT CASTELLOT,TELEBACHCOMUNITARIOS,04ETK0015N
CAMPECHE,CHAMPOTÓN,SANTO DOMINGO KESTÉ,EXTENSION DEL CENTRO DE BACHILLERATO TECNOLOGICO AGROPECUARIO NO. 15,UEMSTAYCM,04XTA0001S
CAMPECHE,CHAMPOTÓN,SIHOCHAC,EDUCACION MEDIA SUPERIOR A DISTANCIA 06 SIHOCHAC,EMSAD,04EMS0006O
CAMPECHE,CHAMPOTÓN,XBACAB,COLEGIO DE BACHILLERES PLANTEL 18 XBACAB,COBACH,04ECB0018M
CAMPECHE,CHAMPOTÓN,YOHALTÚN,TELEBACHILLERATO COMUNITARIO YOHALTUN,TELEBACHCOMUNITARIOS,04ETK0014O
CAMPECHE,DZITBALCHÉ,DZITBALCHÉ,PLANTEL CONALEP 272 DZITBALCHE,CONALEP,04DPT0003E
CAMPECHE,ESCÁRCEGA,ADOLFO LÓPEZ MATEOS,COLEGIO DE BACHILLERES PLANTEL 16 ADOLFO LOPEZ MATEOS,COBACH,04ECB0016O
CAMPECHE,ESCÁRCEGA,DON SAMUEL,COLEGIO DE BACHILLERES PLANTEL 20 DON SAMUEL,COBACH,04ECB0020A
CAMPECHE,ESCÁRCEGA,ESCÁRCEGA,CENTRO DE BACHILLERATO TECNOLOGICO AGROPECUARIO NUM 62,UEMSTAYCM,04DTA0062S
CAMPECHE,ESCÁRCEGA,ESCÁRCEGA,COLEGIO DE BACHILLERES PLANTEL 03 ESCARCEGA,COBACH,04ECB0003K
CAMPECHE,ESCÁRCEGA,LA LIBERTAD,COLEGIO DE BACHILLERES PLANTEL 21 LA LIBERTAD,COBACH,04ECB0021Z
CAMPECHE,ESCÁRCEGA,LA VICTORIA,TELEBACHILLERATO COMUNITARIO LA VICTORIA,TELEBACHCOMUNITARIOS,04ETK0012Q
CAMPECHE,ESCÁRCEGA,LAGUNA GRANDE,TELEBACHILLERATO COMUNITARIO LAGUNA GRANDE,TELEBACHCOMUNITARIOS,04ETK0009C
CAMPECHE,HECELCHAKÁN,CHUNKANÁN,TELEBACHILLERATO COMUNITARIO CHUNKANAN,TELEBACHCOMUNITARIOS,04ETK0006F
CAMPECHE,HECELCHAKÁN,CUMPICH,TELEBACHILLERATO COMUNITARIO,TELEBACHCOMUNITARIOS,04ETK0002J
CAMPECHE,HECELCHAKÁN,HECELCHAKÁN,CENTRO DE BACHILLERATO TECNOLOGICO AGROPECUARIO NUM 169,UEMSTAYCM,04DTA0169K
CAMPECHE,HECELCHAKÁN,HECELCHAKÁN,COLEGIO DE BACHILLERES PLANTEL 01 HECELCHAKAN,COBACH,04ECB0001M
CAMPECHE,HECELCHAKÁN,POMUCH,COLEGIO DE ESTUDIOS CIENTIFICOS Y TECNOLOGICOS DEL ESTADO PLANTEL POMUCH,CECYTE,04ETC0005Y
CAMPECHE,HOPELCHÉN,BOLONCHÉN DE REJÓN,CENTRO DE BACHILLERATO TECNOLOGICO AGROPECUARIO NUM 15,UEMSTAYCM,04XTA0015V
CAMPECHE,HOPELCHÉN,BOLONCHÉN DE REJÓN,EDUCACION MEDIA SUPERIOR A DISTANCIA 05 BOLONCHEN DE REJON,EMSAD,04EMS0005P
CAMPECHE,HOPELCHÉN,CHUNCHINTOK,TELEBACHILLERATO COMUNITARIO CHUNCHINTOK,TELEBACHCOMUNITARIOS,04ETK0007E
CAMPECHE,HOPELCHÉN,DZIBALCHÉN,EDUCACION MEDIA SUPERIOR A DISTANCIA 11 DZIBALCHEN,EMSAD,04EMS0011Z
CAMPECHE,HOPELCHÉN,HOPELCHÉN,CENTRO DE ESTUDIOS DE BACHILLERATO 6/2 JERONIMO BAQUEIRO FOSTER,DGB,04DBP0001R
CAMPECHE,HOPELCHÉN,HOPELCHÉN,COLEGIO DE ESTUDIOS CIENTIFICOS Y TECNOLOGICOS DEL ESTADO PLANTEL HOPELCHEN,CECYTE,04ETC0003Z
CAMPECHE,HOPELCHÉN,SUC-TUC,TELEBACHILLERATO COMUNITARIO SUC-TUC,TELEBACHCOMUNITARIOS,04ETK0008D
ENTIDAD,MUNICIPIO,LOCALIDAD,NOMBRE DEL PLANTEL,SUBSISTEMA,CCT
CAMPECHE,HOPELCHÉN,UKUM,EDUCACION MEDIA SUPERIOR A DISTANCIA 01 UKUM,EMSAD,04EMS0001T
CAMPECHE,HOPELCHÉN,VICENTE GUERRERO,TELEBACHILLERATO COMUNITARIO VICENTE GUERRERO (ITURBIDE),TELEBACHCOMUNITARIOS,04ETK0019J
CAMPECHE,PALIZADA,EL JUNCAL,EDUCACION MEDIA SUPERIOR A DISTANCIA EL JUNCAL,EMSAD,04EMS0012Z
CAMPECHE,PALIZADA,PALIZADA,COLEGIO DE ESTUDIOS CIENTIFICOS Y TECNOLOGICOS DEL ESTADO PLANTEL PALIZADA,CECYTE,04ETC0002A
CAMPECHE,SEYBAPLAYA,SEYBAPLAYA,COLEGIO DE BACHILLERES PLANTEL 04 SEYBAPLAYA,COBACH,04ECB0004J
CAMPECHE,TENABO,TENABO,CENTRO DE BACHILLERATO TECNOLOGICO AGROPECUARIO NUM 169,UEMSTAYCM,04XTA0170N
CAMPECHE,TENABO,TENABO,COLEGIO DE BACHILLERES PLANTEL 07 TENABO,COBACH,04ECB0007G
CHIAPAS,ACACOYAGUA,ACACOYAGUA,ESCUELA PREPARATORIA AGROPECUARIA BELISARIO DOMINGUEZ PALENCIA,BACHEST,07EBH0047Z
CHIAPAS,ACACOYAGUA,ACACOYAGUA,ESCUELA PREPARATORIA AGROPECUARIA BELISARIO DOMINGUEZ PALENCIA,BACHEST,07EBH0076V
CHIAPAS,ACACOYAGUA,LOS CACAOS,219 LOS CACAOS,EMSAD,07EMS0129V
CHIAPAS,ACACOYAGUA,NUEVA LIBERTAD,218 NUEVA LIBERTAD,EMSAD,07EMS0118P
CHIAPAS,ACALA,ACALA,ESCUELA PREPARATORIA RENOVACION ANGEL ROBLES RAMIREZ,BACHEST,07EBH0040G
CHIAPAS,ACALA,ADOLFO LÓPEZ MATEOS,TELEBACHILLERATO COMUNITARIO NUMERO 11 LEONA VICARIO,TELEBACHCOMUNITARIOS,07ETK0028O
CHIAPAS,ACALA,SAN PEDRO NICHI,CENTRO DE BACHILLERATO TECNOLOGICO AGROPECUARIO NUMERO 310,UEMSTAYCM,07DTA0002A
CHIAPAS,ACAPETAHUA,ABSALÓN CASTELLANOS DOMÍNGUEZ,152 ABSALON CASTELLANOS DOMINGUEZ,EMSAD,07EMS0080T
CHIAPAS,ACAPETAHUA,ACAPETAHUA,COLEGIO DE ESTUDIOS CIENTIFICOS Y TECNOLOGICOS ACAPETAHUA,CECYTE,07ETC0006U
CHIAPAS,ACAPETAHUA,BARRA ZACAPULCO,TELEBACHILLERATO COMUNITARIO NUMERO 113 JUAN SABINES GUTIERREZ,TELEBACHCOMUNITARIOS,07ETK0113L
CHIAPAS,ACAPETAHUA,JIQUILPAN (ESTACIÓN BONANZA),TELEBACHILLERATO NUM. 44 BELISARIO DOMINGUEZ PALENCIA,TELEBACH,07ETH0056X
CHIAPAS,ACAPETAHUA,LA PALMA,TELEBACHILLERATO NUM. 110 IGNACIO LOPEZ RAYON,TELEBACH,07ETH0110A
CHIAPAS,ACAPETAHUA,LAS MURALLAS,TELEBACHILLERATO COMUNITARIO NUMERO 114 JOSEFA ORTIZ DE DOMINGUEZ,TELEBACHCOMUNITARIOS,07ETK0114K
CHIAPAS,ACAPETAHUA,LUIS ESPINOZA,189 LUIS ESPINOZA,EMSAD,07EMS0116R
CHIAPAS,ACAPETAHUA,SOCONUSCO,217 SOCONUSCO,EMSAD,07EMS0152W
CHIAPAS,ALDAMA,ALDAMA,280 ALDAMA,EMSAD,07EMS0198R
CHIAPAS,ALTAMIRANO,ALTAMIRANO,45 ALTAMIRANO,COBACH,07ECB0051R
CHIAPAS,ALTAMIRANO,ALTAMIRANO,PLANTEL CONALEP 331 ALTAMIRANO,CONALEP,07DPT0013I
CHIAPAS,ALTAMIRANO,BELISARIO DOMÍNGUEZ,320 BELISARIO DOMINGUEZ PALENCIA,EMSAD,07EMS0238B
CHIAPAS,ALTAMIRANO JOA,QUÍN MIGUEL GUTIÉRREZ (RANCHO MA,TTEEOL)EBACHILLERATO NUM. 117 LEONARDO BRAVO,TELEBACH,07ETH0115W
CHIAPAS,ALTAMIRANO,LA LAGUNA,COLEGIO DE ESTUDIOS CIENTIFICOS Y TECNOLOGICOS 43 LA LAGUNA,CECYTE,07ETC0045W
CHIAPAS,ALTAMIRANO,LUIS ESPINOZA,169 LUIS ESPINOZA,EMSAD,07EMS0096U
CHIAPAS,ALTAMIRANO M,ORELIA (VICTÓRICO RODOLFO GRAJALE,ST)ELEBACHILLERATO COMUNITARIO NUMERO 116 VICENTE GUERRERO,TELEBACHCOMUNITARIOS,07ETK0116I
CHIAPAS,ALTAMIRANO,PUERTO RICO,193 PUERTO RICO,EMSAD,07EMS0130K
CHIAPAS,ALTAMIRANO,SAN FRANCISCO,TELEBACHILLERATO COMUNITARIO NUMERO 115 ANGEL ALBINO CORZO,TELEBACHCOMUNITARIOS,07ETK0115J
CHIAPAS,ALTAMIRANO,VENUSTIANO CARRANZA,275 VENUSTIANO CARRANZA,EMSAD,07EMS0190Z
CHIAPAS,AMATÁN,AMATÁN,229 AMATAN,COBACH,07ECB0100J
CHIAPAS,AMATÁN,AMATÁN,TELEBACHILLERATO NUM. 40 JAIME SABINES GUTIERREZ,TELEBACH,07ETH0038H
CHIAPAS,AMATÁN,EL CALVARIO,93 EL CALVARIO,COBACH,07ECB0095O
CHIAPAS,AMATÁN,REFORMA Y PLANADA,TELEBACHILLERATO NUM. 88 BENITO JUAREZ GARCIA,TELEBACH,07ETH0081W
CHIAPAS,AMATÁN,SAN LORENZO,TELEBACHILLERATO COMUNITARIO NUMERO 117 BENITO JUAREZ GARCIA,TELEBACHCOMUNITARIOS,07ETK0117H
CHIAPAS,AMATÁN,SAN LORENZO,VENUSTIANO CARRANZA,BACHPART,07PBH0138X
CHIAPAS,AMATENANGO DE LA FRONTERA,AMATENANGO DE LA FRONTERA,297 AMATENANGO DE LA FRONTERA,EMSAD,07EMS0215R
CHIAPAS,AMATENANGO DE LA FRONTERA,EL PACAYAL,146 EL PACAYAL,COBACH,07ECB0106D
CHIAPAS,AMATENANGO DE LA FRONTERA,GUADALUPE VICTORIA,51 GUADALUPE VICTORIA,COBACH,07ECB0056M
CHIAPAS,AMATENANGO DE LA FRONTERA,MONTE ORDÓÑEZ,TELEBACHILLERATO COMUNITARIO NUMERO 13 JOSÉ VASCONCELOS,TELEBACHCOMUNITARIOS,07ETK0033Z
CHIAPAS,AMATENANGO DE LA FRONTERA,NUEVO AMATENANGO,133 NUEVO AMATENANGO,COBACH,07ECB0105E
CHIAPAS,AMATENANGO DE LA FRONTERA,POTRERILLO,334 POTRERILLO,EMSAD,07EMS0252V
CHIAPAS,AMATENANGO DE LA FRONTERA,RÍO GUERRERO,216 RIO GUERRERO,EMSAD,07EMS0131J
CHIAPAS,AMATENANGO DEL VALLE,AMATENANGO DEL VALLE,256 AMATENANGO DEL VALLE,EMSAD,07EMS0172J
CHIAPAS,AMATENANGO DEL VALLE,SAN CARALAMPIO CHAVÍN,TELEBACHILLERATO COMUNITARIO NUMERO 118 JOSE FRANCISCO GONZALEZ BOCANEGRA,TELEBACHCOMUNITARIOS,07ETK0118G
CHIAPAS,ÁNGEL ALBINO CORZOJALT,ENANGO DE LA PAZ (ÁNGEL ALBINO CO,RCZOOL)EGIO DE ESTUDIOS CIENTIFICOS Y TECNOLOGICOS ANGEL ALBINO CORZO,CECYTE,07ETC0002Y
CHIAPAS,ÁNGEL ALBINO CORZOJALT,ENANGO DE LA PAZ (ÁNGEL ALBINO CO,RTZEOL)EBACHILLERATO COMUNITARIO NUMERO 233 MANUEL VELASCO SUAREZ,TELEBACHCOMUNITARIOS,07ETK0233Y
CHIAPAS,ÁNGEL ALBINO CORZO,LIBERTAD DEL PAJAL,238 LIBERTAD DEL PAJAL,EMSAD,07EMS0156S
CHIAPAS,ÁNGEL ALBINO CORZO,NUEVA COLOMBIA,TELEBACHILLERATO COMUNITARIO NUMERO 14 ANGEL ALBINO CORZO,TELEBACHCOMUNITARIOS,07ETK0061W
CHIAPAS,ÁNGEL ALBINO CORZO,NUEVA INDEPENDENCIA,TELEBACHILLERATO NUM. 09 JOSE MARIA MORELOS Y PAVON,TELEBACH,07ETH0009M
CHIAPAS,ÁNGEL ALBINO CORZO,NUEVA PALESTINA,158NUEVA PALESTINA,EMSAD,07EMS0213T
CHIAPAS,ÁNGEL ALBINO CORZO,PLAN DE AYUTLA,239 PLAN DE AYUTLA,EMSAD,07EMS0157R
CHIAPAS,ARRIAGA,ARRIAGA,232 ARRIAGA,COBACH,07ECB0094P
CHIAPAS,ARRIAGA,ARRIAGA,ESCUELA PREPARATORIA ARRIAGA,BACHEST,07EBH0035V
CHIAPAS,ARRIAGA,ARRIAGA,ESCUELA PREPARATORIA JORGE H. BEDWELL,BACHEST,07EBH0023Q
CHIAPAS,ARRIAGA,AZTECA (LA PUNTA),TELEBACHILLERATO COMUNITARIO NUMERO 234 BENITO JUAREZ GARCIA,TELEBACHCOMUNITARIOS,07ETK0234X
CHIAPAS,ARRIAGA,EMILIANO ZAPATA,ESCUELA PREPARATORIA AGROPECUARIA EMILIANO ZAPATA SALAZAR,BACHEST,07EBH0061T
CHIAPAS,ARRIAGA,PUNTA FLOR,TELEBACHILLERATO COMUNITARIO NUMERO 119 LUIS DONALDO COLOSIO MURRIETA,TELEBACHCOMUNITARIOS,07ETK0119F
CHIAPAS,ARRIAGA,SANTA LUCÍA,CENTRO DE ESTUDIOS TÉCNOLOGICOS DEL MAR N0 24 EXTENSIÓN ARRIAGA,UEMSTAYCM,07XCM0002C
CHIAPAS,ARRIAGA,VILLA DEL MAR,TELEBACHILLERATO COMUNITARIO NUMERO 120 JOSE VASCONCELOS CALDERON,TELEBACHCOMUNITARIOS,07ETK0120V
CHIAPAS,BEJUCAL DE OCAMPO,BEJUCAL DE OCAMPO,TELEBACHILLERATO NUM. 70 VENUSTIANO CARRANZA,TELEBACH,07ETH0075L
CHIAPAS,BEJUCAL DE OCAMPO,OJO DE AGUA CENTRO,85 OJO DE AGUA,EMSAD,07EMS0013V
CHIAPAS,BELLA VISTA,BELLA VISTA,COLEGIO DE ESTUDIOS CIENTIFICOS Y TECNOLOGICOS BELLAVISTA,CECYTE,07ETC0017Z
CHIAPAS,BELLA VISTA,EL PROGRESO,TELEBACHILLERATO NUM. 103 GUADALUPE VICTORIA,TELEBACH,07ETH0102S
CHIAPAS,BELLA VISTA,EMILIANO ZAPATA,147 EMILIANO ZAPATA,EMSAD,07EMS0075H
CHIAPAS,BELLA VISTA,LA INDEPENDENCIA,TELEBACHILLERATO COMUNITARIO NUMERO 16 MIGUEL HIDALGO Y COSTILLA,TELEBACHCOMUNITARIOS,07ETK0034Z
CHIAPAS,BELLA VISTA,LA RINCONADA,TELEBACHILLERATO NUM. 30 ROSARIO CASTELLANOS FIGUEROA,TELEBACH,07ETH0030P
CHIAPAS,BELLA VISTA,LAS NUBES,TELEBACHILLERATO COMUNITARIO NUMERO 15 JAIME SABINES GUTIERREZ,TELEBACHCOMUNITARIOS,07ETK0071C
CHIAPAS,BELLA VISTA,NUEVO PACAYAL,213 NUEVO PACAYAL,EMSAD,07EMS0119O
CHIAPAS,BELLA VISTA,SAN JOSÉ LAS CHICHARRAS,298 SAN JOSE LAS CHICHARRAS,EMSAD,07EMS0217P
CHIAPAS,BENEMÉRITO DE LAS AMÉRICAS,ARROYO DELICIAS,321 ARROYO DELICIAS,EMSAD,07EMS0239A
CHIAPAS,BENEMÉRITO DE LAS AMÉRICAS,BENEMÉRITO DE LAS AMÉRICAS,COLEGIO DE ESTUDIOS CIENTIFICOS Y TECNOLOGICOS BENEMERITO DE LAS AMERICAS,CECYTE,07ETC0024J
CHIAPAS,BENEMÉRITO DE LAS AMÉRICAS,FLOR DE CACAO,247 FLOR DE CACAO,EMSAD,07EMS0214S
CHIAPAS,BENEMÉRITO DE LAS AMÉRICAS,NUEVO CHIHUAHUA,TELEBACHILLERATO NUM. 112 LAZARO CARDENAS DEL RIO,TELEBACH,07ETH0106O
ENTIDAD,MUNICIPIO,LOCALIDAD,NOMBRE DEL PLANTEL,SUBSISTEMA,CCT
CHIAPAS,BENEMÉRITO DE LAS AMÉRICAS,NUEVO ORIZABA,126 NUEVO ORIZABA,EMSAD,07EMS0032J
CHIAPAS,BENEMÉRITO DE LAS AMÉRICAS,ROBERTO BARRIOS,125 ROBERTO BARRIOS,EMSAD,07EMS0033I
CHIAPAS,BERRIOZÁBAL,BERRIOZÁBAL,ESCUELA PREPARATORIA SALOMON GONZALEZ BLANCO,BACHEST,07EBH0044C
CHIAPAS,BERRIOZÁBAL,BERRIOZÁBAL,ESCUELA PREPARATORIA SALOMON GONZALEZ BLANCO,BACHEST,07EBH0074X
CHIAPAS,BERRIOZÁBAL,CIUDAD MAYA,ESCUELA PREPARATORIA CIUDAD MAYA,BACHEST,07EBH0087A
CHIAPAS,BERRIOZÁBAL,EFRAÍN A. GUTIÉRREZ,TELEBACHILLERATO COMUNITARIO NUMERO 17 BELISARIO DOMINGUEZ PALENCIA,TELEBACHCOMUNITARIOS,07ETK0042H
CHIAPAS,BERRIOZÁBAL,LAS MARAVILLAS,TELEBACHILLERATO NUM. 67 JOAQUIN MIGUEL GUTIERREZ,TELEBACH,07ETH0067C
CHIAPAS,BOCHIL,ALLENDE ESQUIPULAS,TELEBACHILLERATO COMUNITARIO NUMERO 18 MIGUEL HIDALGO Y COSTILLA,TELEBACHCOMUNITARIOS,07ETK0101G
CHIAPAS,BOCHIL,BOCHIL,COLEGIO DE ESTUDIOS CIENTIFICOS Y TECNOLOGICOS BOCHIL,CECYTE,07ETC0021M
CHIAPAS,BOCHIL,BOCHIL,ESCUELA PREPARATORIA RAFAEL PASCACIO GAMBOA,BACHEST,07EBH0103B
CHIAPAS,BOCHIL,EL AMATE,TELEBACHILLERATO COMUNITARIO NUMERO 19 BELISARIO DOMIGUEZ PALENCIA,TELEBACHCOMUNITARIOS,07ETK0051P
CHIAPAS,BOCHIL,GARRIDO CANAVAL (CHAVARRÍA),TELEBACHILLERATO COMUNITARIO NUMERO 20 EDGAR ROBLEDO SANTIAGO,TELEBACHCOMUNITARIOS,07ETK0057J
CHIAPAS,BOCHIL,LUIS ESPINOZA,242 LUIS ESPINOZA,EMSAD,07EMS0159P
CHIAPAS,CACAHOATÁN,AGUA CALIENTE,TELEBACHILLERATO NUM. 111 ENRIQUE FLORES MAGON,TELEBACH,07ETH0111Z
CHIAPAS,CACAHOATÁN,AGUSTÍN DE ITURBIDE,140 AGUSTIN DE ITURBIDE,COBACH,07ECB0093Q
CHIAPAS,CACAHOATÁN,AHUACATLÁN,TELEBACHILLERATO NUM. 60 OCTAVIO PAZ LOZANO,TELEBACH,07ETH0060J
CHIAPAS,CACAHOATÁN,CACAHOATÁN,03 CACAHOATAN,COBACH,07ECB0001J
CHIAPAS,CACAHOATÁN,CACAHOATÁN,ESCUELA PREPARATORIA JAIME SABINES GUTIERREZ,BACHEST,07EBH0097H
CHIAPAS,CACAHOATÁN,EL ÁGUILA,TELEBACHILLERATO COMUNITARIO NUMERO 121 LUIS DONALDO COLOSIO MURRIETA,TELEBACHCOMUNITARIOS,07ETK0121U
CHIAPAS,CACAHOATÁN,EL PLATANAR,TELEBACHILLERATO COMUNITARIO NUMERO 01 FERNANDO MONTES DE OCA,TELEBACHCOMUNITARIOS,07ETK0001H
CHIAPAS,CACAHOATÁN,FAJA DE ORO,CENTRO DE ESTUDIOS TECNOLÓGICOS EN AGUAS CONTINENTALES N0 22 FAJA DE ORO,UEMSTAYCM,07DCM0002P
CHIAPAS,CACAHOATÁN,MIXCUM,TELEBACHILLERATO COMUNITARIO NUMERO 122 CARLOS MARIA BUSTAMANTE,TELEBACHCOMUNITARIOS,07ETK0122T
CHIAPAS,CACAHOATÁN,SALVADOR URBINA,250 SALVADOR URBINA,EMSAD,07EMS0167Y
CHIAPAS,CACAHOATÁN,UNIÓN ROJA,TELEBACHILLERATO NUM. 47 MOCTEZUMA I,TELEBACH,07ETH0053Z
CHIAPAS,CAPITÁN LUIS ÁNGEL VIDAL,CAPITÁN LUIS ÁNGEL VIDAL,132 CAPITÁN LUIS ÁNGEL VIDAL,EMSAD,07EMS0064B
CHIAPAS,CAPITÁN LUIS ÁNGEL VIDAL,RANCHO BONITO,TELEBACHILLERATO COMUNITARIO NUMERO 206 GUADALUPE VICTORIA,TELEBACHCOMUNITARIOS,07ETK0206A
CHIAPAS,CATAZAJÁ,AGUA FRÍA,TELEBACHILLERATO COMUNITARIO NUMERO 123 BELISARIO DOMINGUEZ PALENCIA,TELEBACHCOMUNITARIOS,07ETK0123S
CHIAPAS,CATAZAJÁ,CATAZAJÁ,09 CATAZAJA,COBACH,07ECB0002I
CHIAPAS,CATAZAJÁ,CRUCERO EL CUYO,TELEBACHILLERATO NUM. 91 ALVARO OBREGON,TELEBACH,07ETH0091C
CHIAPAS,CATAZAJÁ,EL PARAÍSO,TELEBACHILLERATO NUM. 16 ISAAC NEWTON,TELEBACH,07ETH0016W
CHIAPAS,CATAZAJÁ,EL ROSARIO,TELEBACHILLERATO COMUNITARIO NUMERO 124 JAIME TORRES BODET,TELEBACHCOMUNITARIOS,07ETK0124R
CHIAPAS,CATAZAJÁ,ESTACIÓN LA UNIÓN,117 ESTACION LA UNION,EMSAD,07EMS0041R
CHIAPAS,CHALCHIHUITÁN,CHALCHIHUITÁN,ESCUELA PREPARATORIA CHALCHIHUITAN,BACHEST,07EBH0093L
CHIAPAS,CHALCHIHUITÁN,CHIQUINSHULUM,332 CHIQUINSHULUM,EMSAD,07EMS0250X
CHIAPAS,CHAMULA,CHAMULA,57 CHAMULA,COBACH,07ECB0067S
CHIAPAS,CHAMULA,MUQUÉN,TELEBACHILLERATO COMUNITARIO NUMERO 21 ROSARIO CASTELLANOS,TELEBACHCOMUNITARIOS,07ETK0029N
CHIAPAS,CHAMULA,NARVÁEZ,TELEBACHILLERATO COMUNITARIO NUMERO 126 EMILIANO ZAPATA,TELEBACHCOMUNITARIOS,07ETK0126P
CHIAPAS,CHAMULA,PAJALTÓN BAJO,299 PAJALTON BAJO,EMSAD,07EMS0216Q
CHIAPAS,CHAMULA,ROMERILLO,TELEBACHILLERATO NUM. 02 JUAN SABINES GUTIERREZ,TELEBACH,07ETH0002T
CHIAPAS,CHAMULA,TENTIC,311 TENTIC,EMSAD,07EMS0229U
CHIAPAS,CHAMULA,YALTEM,312 YALTEM,EMSAD,07EMS0230J
CHIAPAS,CHAMULA,YALVANTÉ,TELEBACHILLERATO COMUNITARIO NUMERO 127 VICENTE GUERRERO,TELEBACHCOMUNITARIOS,07ETK0127O
CHIAPAS,CHANAL,CHANAL,61 CHANAL,COBACH,07ECB0060Z
CHIAPAS,CHANAL,NATILTÓN,COLEGIO DE ESTUDIOS CIENTIFICOS Y TECNOLOGICOS 44 NATILTON,CECYTE,07ETC0046V
CHIAPAS,CHAPULTENANGO,CHAPULTENANGO,53 CHAPULTENANGO,COBACH,07ECB0080M
CHIAPAS,CHAPULTENANGO,GUADALUPE VICTORIA,TELEBACHILLERATO COMUNITARIO NUMERO 128 JOSE VASCONCELOS CALDERON,TELEBACHCOMUNITARIOS,07ETK0128N
CHIAPAS,CHENALHÓ,CHENALHÓ,COLEGIO DE ESTUDIOS CIENTIFICOS Y TECNOLOGICOS CHENALHO,CECYTE,07ETC0018Z
CHIAPAS,CHENALHÓ,MAJONPEPENTIK,TELEBACHILLERATO COMUNITARIO NUMERO 22 FRANCISCO VILLA,TELEBACHCOMUNITARIOS,07ETK0025R
CHIAPAS,CHENALHÓ,MIGUEL UTRILLA (LOS CHORROS),313 MIGUEL UTRILLA,EMSAD,07EMS0231I
CHIAPAS,CHENALHÓ,SAC LUM,TELEBACHILLERATO COMUNITARIO NUMERO 129 JOSEFA ORTIZ DE DOMÍNGUEZ,TELEBACHCOMUNITARIOS,07ETK0129M
CHIAPAS,CHIAPA DE CORZO,AMÉRICA LIBRE,COLEGIO DE ESTUDIOS CIENTÍFICOS Y TECNOLÓGICOS 46 AMÉRICA LIBRE,CECYTE,07ETC0048T
CHIAPAS,CHIAPA DE CORZO,CHIAPA DE CORZO,240 CHIAPA DE CORZO,COBACH,07ECB0116K
CHIAPAS,CHIAPA DE CORZO,CHIAPA DE CORZO,ESCUELA PREPARATORIA FLORINDA LAZOS LEON,BACHEST,07EBH0010M
CHIAPAS,CHIAPA DE CORZO,CHIAPA DE CORZO,PLANTEL CONALEP 022 CHIAPA DE CORZO,CONALEP,07DPT0002C
CHIAPAS,CHIAPA DE CORZO,DOCTOR MANUEL VELASCO SUÁREZ,TELEBACHILLERATO COMUNITARIO NUMERO 23 SOR JUANA INES DE LA CRUZ,TELEBACHCOMUNITARIOS,07ETK0060X
CHIAPAS,CHIAPA DE CORZO,EL PALMAR (SAN GABRIEL),118 EL PALMAR,COBACH,07ECB0107C
CHIAPAS,CHIAPA DE CORZO,IGNACIO ALLENDE,CENTRO DE BACHILLERATO TECNOLOGICO AGROPECUARIO NUM. 212,UEMSTAYCM,07DTA0212F
CHIAPAS,CHIAPA DE CORZO,JULIÁN GRAJALES,74 JULIAN GRAJALES,COBACH,07ECB0077Z
CHIAPAS,CHIAPA DE CORZO,NUEVO CARMEN TONAPAC,TELEBACHILLERATO NUM. 74 ROMEO RINCON CASTILLEJOS,TELEBACH,07ETH0069A
CHIAPAS,CHIAPA DE CORZO,SALVADOR URBINA,TELEBACHILLERATO COMUNITARIO NUMERO 130 CORONEL SALVADOR URBINA,TELEBACHCOMUNITARIOS,07ETK0130B
CHIAPAS,CHIAPA DE CORZO,VENUSTIANO CARRANZA,TELEBACHILLERATO NUM. 105 JUAN ESCUTIA,TELEBACH,07ETH0104Q
CHIAPAS,CHIAPILLA,CHIAPILLA,159 CHIAPILLA,COBACH,07ECB0135Z
CHIAPAS,CHICOASÉN,CHICOASÉN,192 CHICOASEN,EMSAD,07EMS0132I
CHIAPAS,CHICOMUSELO,20 DE NOVIEMBRE,TELEBACHILLERATO NUM. 119 MANUEL DE LA PEÑA,TELEBACH,07ETH0117U
CHIAPAS,CHICOMUSELO,BENITO JUÁREZ,TELEBACHILLERATO COMUNITARIO NUMERO 24 JOSEFA ORTIZ DE DOMÍNGUEZ,TELEBACHCOMUNITARIOS,07ETK0081J
CHIAPAS,CHICOMUSELO,CHICOMUSELO,COLEGIO DE ESTUDIOS CIENTIFICOS Y TECNOLOGICOS CHICOMUSELO,CECYTE,07ETC0015B
CHIAPAS,CHICOMUSELO,GRECIA,TELEBACHILLERATO COMUNITARIO NUMERO 25 FRANCISCO INDALECIO MADERO,TELEBACHCOMUNITARIOS,07ETK0073A
CHIAPAS,CHICOMUSELO,LAS FLORES,TELEBACHILLERATO COMUNITARIO NUMERO 26 MARIANO MATAMOROS Y GURIDI,TELEBACHCOMUNITARIOS,07ETK0077X
CHIAPAS,CHICOMUSELO,LÁZARO CÁRDENAS,TELEBACHILLERATO NUM. 83 HELEN KELLER,TELEBACH,07ETH0084T
CHIAPAS,CHICOMUSELO,MIGUEL ALEMÁN,TELEBACHILLERATO COMUNITARIO NUMERO 27 MIGUEL HIDALGO Y COSTILLA,TELEBACHCOMUNITARIOS,07ETK0036X
CHIAPAS,CHICOMUSELO,MONTE SINAÍ,335 MONTE SINAI,EMSAD,07EMS0253U
CHIAPAS,CHICOMUSELO,NUEVA AMÉRICA,257 NUEVA AMERICA,EMSAD,07EMS0173I
CHIAPAS,CHICOMUSELO,NUEVA MORELIA,258 NUEVA MORELIA,EMSAD,07EMS0195U
CHIAPAS,CHICOMUSELO,PABLO L. SIDAR,199 PABLO SIDAR,EMSAD,07EMS0133H
CHIAPAS,CHICOMUSELO,UNIÓN BUENAVISTA,TELEBACHILLERATO NUM. 93 ADOLFO RUIZ CORTINEZ,TELEBACH,07ETH0093A
CHIAPAS,CHILÓN,AGUA VERDE,TELEBACHILLERATO COMUNITARIO NUMERO 131 JAIME SABINES GUTIERREZ,TELEBACHCOMUNITARIOS,07ETK0131A
CHIAPAS,CHILÓN,ALÁN-SAC'JÚN,34 ALAN SAC JUN,COBACH,07ECB0079X
ENTIDAD,MUNICIPIO,LOCALIDAD,NOMBRE DEL PLANTEL,SUBSISTEMA,CCT
CHIAPAS,CHILÓN,BACHAJÓN,28 BACHAJON,COBACH,07ECB0029P
CHIAPAS,CHILÓN,CACATEEL,161 CACATEEL,EMSAD,07EMS0088L
CHIAPAS,CHILÓN,CENTRO CHICH,90 CENTRO CHICH,COBACH,07ECB0127Q
CHIAPAS,CHILÓN,CHILÓN,25 CHILON,COBACH,07ECB0024U
CHIAPAS,CHILÓN,CHIQUINIVAL,94 POJCOL CHIQUINIVAL,EMSAD,07EMS0014U
CHIAPAS,CHILÓN,GUADALUPE PAXILÁ,104 GUADALUPE PAXILA,COBACH,07ECB0108B
CHIAPAS,CHILÓN,GUAQUITEPEC,173 GUAQUITEPEC,EMSAD,07EMS0100Q
CHIAPAS,CHILÓN,GUAQUITEPEC,BARTOLOME DE LAS CASAS,BACHPART,07PCT0037T
CHIAPAS,CHILÓN,JET-JÁ,98 JET JA,COBACH,07ECB0087F
CHIAPAS,CHILÓN,JOL CATARRAYA,TELEBACHILLERATO COMUNITARIO NUMERO 132 MIGUEL HIDALGO Y COSTILLA,TELEBACHCOMUNITARIOS,07ETK0132Z
CHIAPAS,CHILÓN,JOL SACÚN,157 JOL SACUN,COBACH,07ECB0123U
CHIAPAS,CHILÓN,LAS MONTAÑAS,TELEBACHILLERATO COMUNITARIO NUMERO 28 16 DE SEPTIEMBRE,TELEBACHCOMUNITARIOS,07ETK0021V
CHIAPAS,CHILÓN,NAHILTÉ 3RA. SECCIÓN,TELEBACHILLERATO NUM 133 BENITO JUAREZ,TELEBACH,07ETH0133L
CHIAPAS,CHILÓN,NUEVO PROGRESO,143 NUEVO PROGRESO,COBACH,07ECB0124T
CHIAPAS,CHILÓN,PAMAL NAVIL,183 PAMAL NAVIL,EMSAD,07EMS0110X
CHIAPAS,CHILÓN,SACÚN CUBWITZ,285 SACUN CUBWITS,EMSAD,07EMS0212U
CHIAPAS,CHILÓN,SAN JERÓNIMO TULIJÁ,142 SAN JERONIMO TULIJA,COBACH,07ECB0120X
CHIAPAS,CHILÓN,SAN JOSÉ PATHUITZ,12 SAN JOSE PATHUITZ,COBACH,07ECB0012P
CHIAPAS,CHILÓN,TACUBA NUEVA,182 TACUBA NUEVA,EMSAD,07EMS0109H
CHIAPAS,CHILÓN,TEMÓ,279 TEMO,EMSAD,07EMS0194V
CHIAPAS,CHILÓN,TZAJALÁ,103 TZAJALA,COBACH,07ECB0090T
CHIAPAS,CHILÓN,TZOBOJITLE JOTOAQUIL,204 TZOBOJITLE JOTOAQUIL,EMSAD,07EMS0120D
CHIAPAS,CINTALAPA DE FIGUEROA,ABELARDO L. RODRÍGUEZ,TELEBACHILLERATO COMUNITARIO NUMERO 133 ABELARDO L RODRIGUEZ,TELEBACHCOMUNITARIOS,07ETK0133Z
CHIAPAS,CINTALAPA DE FIGUEROA,ADOLFO LÓPEZ MATEOS,166 ADOLFO LOPEZ MATEOS,EMSAD,07EMS0093X
CHIAPAS,CINTALAPA DE FIGUEROA,CINTALAPA DE FIGUEROA,101 RAFAEL CAL Y MAYOR,EMSAD,07EMS0030L
CHIAPAS,CINTALAPA DE FIGUEROA,CINTALAPA DE FIGUEROA,228 CINTALAPA DE FIGUEROA,COBACH,07ECB0101I
CHIAPAS,CINTALAPA DE FIGUEROA,CINTALAPA DE FIGUEROA,CENTRO DE BACHILLERATO TECNOLOGICO AGROPECUARIO NUM. 24,UEMSTAYCM,07DTA0024M
CHIAPAS,CINTALAPA DE FIGUEROA,CINTALAPA DE FIGUEROA,CENTRO DE BACHILLERATO TECNOLOGICO INDUSTRIAL Y DE SERVICIOS NUM. 169,UEMSTIS,07DCT0003Y
CHIAPAS,CINTALAPA DE FIGUEROA,CINTALAPA DE FIGUEROA,TELEBACHILLERATO NUM. 114 LAS SOLDADERAS,TELEBACH,07ETH0119S
CHIAPAS,CINTALAPA DE FIGUEROA,CONSTITUCIÓN (EL CHAYOTAL),TELEBACHILLERATO NUM. 89 JAIME NUNO ROCA,TELEBACH,07ETH0089O
CHIAPAS,CINTALAPA DE FIGUEROA,EMILIANO ZAPATA,TELEBACHILLERATO COMUNITARIO NUMERO 135 FRAY MATIAS ANTONIO DE CORDOVA Y ORDOÑEZ,TELEBACHCOMUNITARIOS,07ETK0135X
CHIAPAS,CINTALAPA DE FIGUEROA,FRANCISCO I. MADERO,TELEBACHILLERATO COMUNITARIO NUMERO 134 MIGUEL HIDALGO Y COSTILLA,TELEBACHCOMUNITARIOS,07ETK0134Y
CHIAPAS,CINTALAPA DE FIGUEROA,LÁZARO CÁRDENAS,286 LAZARO CARDENAS,EMSAD,07EMS0211V
CHIAPAS,CINTALAPA DE FIGUEROA,NUEVA TENOCHTITLÁN (RIZO DE ORO),268 NUEVA TENOCHTITLAN,EMSAD,07EMS0183P
CHIAPAS,CINTALAPA DE FIGUEROA,NUEVAS MARAVILLAS,TELEBACHILLERATO COMUNITARIO NUMERO 29 EMILIANO ZAPATA SALAZAR,TELEBACHCOMUNITARIOS,07ETK0038V
CHIAPAS,CINTALAPA DE FIGUEROA,POMPOSO CASTELLANOS,TELEBACHILLERATO NUM. 75 RODULFO FIGUEROA ESQUINCA,TELEBACH,07ETH0070Q
CHIAPAS,CINTALAPA DE FIGUEROA,TRIUNFO DE MADERO,TELEBACHILLERATO COMUNITARIO NUMERO 05 FERNANDO CASTAÑON GAMBOA,TELEBACHCOMUNITARIOS,07ETK0005D
CHIAPAS,CINTALAPA DE FIGUEROA,VILLAMORELOS,COLEGIO DE ESTUDIOS CIENTIFICOS Y TECNOLOGICOS VILLAMORELOS,CECYTE,07ETC0023K
CHIAPAS,CINTALAPA DE FIGUEROA,VISTA HERMOSA,TELEBACHILLERATO NUM. 102 FRIDA KAHLO,TELEBACH,07ETH0101T
CHIAPAS,COAPILLA,BUENAVISTA (MATASANOS),TELEBACHILLERATO NUM. 128 EMILIANO ZAPATA,TELEBACH,07ETH0127A
CHIAPAS,COAPILLA,COAPILLA,102 COAPILLA,COBACH,07ECB0109A
CHIAPAS,COMITÁN DE DOMÍNGUEZ,COMITÁN DE DOMÍNGUEZ,10 COMITAN DE DOMINGUEZ,COBACH,07ECB0003H
CHIAPAS,COMITÁN DE DOMÍNGUEZ,COMITÁN DE DOMÍNGUEZ,CENTRO DE ATENCION PARA ESTUDIANTES CON DISCAPACIDAD COMITAN,DGB (CAED),07DER0006E
CHIAPAS,COMITÁN DE DOMÍNGUEZ,COMITÁN DE DOMÍNGUEZ,CENTRO DE BACHILLERATO TECNOLOGICO INDUSTRIAL Y DE SERVICIOS NUM. 108,UEMSTIS,07DCT0305T
CHIAPAS,COMITÁN DE DOMÍNGUEZ,COMITÁN DE DOMÍNGUEZ,ESCUELA PREPARATORIA COMITAN,BACHEST,07EBH0007Z
CHIAPAS,COMITÁN DE DOMÍNGUEZ,COMITÁN DE DOMÍNGUEZ,ESCUELA PREPARATORIA COMITAN,BACHEST,07EBH0077U
CHIAPAS,COMITÁN DE DOMÍNGUEZ,COMITÁN DE DOMÍNGUEZ,PLANTEL CONALEP 070 COMITAN,CONALEP,07DPT0001D
CHIAPAS,COMITÁN DE DOMÍNGUEZ,EFRAÍN A. GUTIÉRREZ,198 EFRAIN GUTIERREZ,EMSAD,07EMS0134G
CHIAPAS,COMITÁN DE DOMÍNGUEZ,FRANCISCO SARABIA,337 FRANCISCO SARABIA,EMSAD,07EMS0255S
CHIAPAS,COMITÁN DE DOMÍNGUEZ,JUAN SABINES GUERRERO,TELEBACHILLERATO COMUNITARIO NUMERO 136 LEONARDO DA VINCI,TELEBACHCOMUNITARIOS,07ETK0136W
CHIAPAS,COMITÁN DE DOMÍNGUEZ,JUZNAJAB LA LAGUNA,TELEBACHILLERATO COMUNITARIO NUMERO 137 ROSARIO CASTELLANOS FIGUEROA,TELEBACHCOMUNITARIOS,07ETK0137V
CHIAPAS,COMITÁN DE DOMÍNGUEZ,LA FLORESTA,327 LA FLORESTA,EMSAD,07EMS0245L
CHIAPAS,COMITÁN DE DOMÍNGUEZ,LOS RIEGOS,259 LOS RIEGOS,EMSAD,07EMS0175G
CHIAPAS,COMITÁN DE DOMÍNGUEZ,YALTZI TRES LAGUNAS,TELEBACHILLERATO NUM. 97 BICENTENARIO,TELEBACH,07ETH0097X
CHIAPAS,COMITÁN DE DOMÍNGUEZ,ZARAGOZA LA MONTAÑA,TELEBACHILLERATO NUM 134 12 DE OCTUBRE,TELEBACH,07ETH0132M
CHIAPAS,COPAINALÁ,AGUSTÍN DE ITURBIDE,310 AGUSTIN DE ITURBIDE,EMSAD,07EMS0228V
CHIAPAS,COPAINALÁ,ÁNGEL ALBINO CORZO (GUADALUPE),243 ANGEL ALBINO CORZO,EMSAD,07EMS0160E
CHIAPAS,COPAINALÁ,BENITO JUÁREZ,TELEBACHILLERATO NUM. 107 JOSE CLEMENTE OROZCO,TELEBACH,07ETH0107N
CHIAPAS,COPAINALÁ,COPAINALÁ,ESCUELA PREPARATORIA MEZCALAPA,BACHEST,07EBH0015H
CHIAPAS,COPAINALÁ,IGNACIO ZARAGOZA,TELEBACHILLERATO COMUNITARIO NUMERO 138 FERNANDO MONTES DE OCA,TELEBACHCOMUNITARIOS,07ETK0138U
CHIAPAS,EL BOSQUE,ÁLVARO OBREGÓN,TELEBACHILLERATO COMUNITARIO NUMERO 30 BELISARIO DOMINGUEZ PALENCIA,TELEBACHCOMUNITARIOS,07ETK0092P
CHIAPAS,EL BOSQUE,EL BOSQUE,73 EL BOSQUE,COBACH,07ECB0075A
CHIAPAS,EL BOSQUE,PLÁTANOS,287 PLATANOS,EMSAD,07EMS0210W
CHIAPAS,EL BOSQUE,SAN CAYETANO,134 SAN CAYETANO,COBACH,07ECB0132B
CHIAPAS,EL PARRAL,EL PARRAL,COLEGIO DE ESTUDIOS CIENTIFICOS Y TECNOLOGICOS EL PARRAL,CECYTE,07ETC0009R
CHIAPAS,EL PORVENIR,AGUACATALES,TELEBACHILLERATO COMUNITARIO NUMERO 31 FRANCISCO VILLA,TELEBACHCOMUNITARIOS,07ETK0015K
CHIAPAS,EL PORVENIR,EL PORVENIR DE VELASCO SUÁREZ,COLEGIO DE ESTUDIOS CIENTIFICOS Y TECNOLOGICOS EL PORVENIR,CECYTE,07ETC0012E
CHIAPAS,EL PORVENIR,MALE,COLEGIO DE ESTUDIOS CIENTIFICOS Y TECNOLOGICOS 35 MALE,CECYTE,07ETC0037N
CHIAPAS,EMILIANO ZAPATA,20 DE NOVIEMBRE,20 20 DE NOVIEMBRE,COBACH,07ECB0019I
CHIAPAS,EMILIANO ZAPATA,LUIS ECHEVERRÍA ÁLVAREZ,TELEBACHILLERATO COMUNITARIO NUMERO 12 ROSARIO CASTELLANOS FIGUEROA,TELEBACHCOMUNITARIOS,07ETK0032A
CHIAPAS,EMILIANO ZAPATA NU,EVO VICENTE GUERRERO (EL CHICHON,ATLE)LEBACHILLERATO NUM. 06 VICENTE GUERRERO,TELEBACH,07ETH0006P
CHIAPAS,ESCUINTLA,EL TRIUNFO,ESCUELA PREPARATORIA DOROTEO ARANGO,BACHEST,07EBH0051M
CHIAPAS,ESCUINTLA,EL TRIUNFO,ESCUELA PREPARATORIA DOROTEO ARANGO,BACHEST,07EBH0085C
CHIAPAS,ESCUINTLA,ESCUINTLA,02 ESCUINTLA,COBACH,07ECB0004G
CHIAPAS,ESCUINTLA,HOJA BLANCA,TELEBACHILLERATO NUM. 136 ZEFERINO NANDAYAPA RALDA,TELEBACH,07ETH0134K
CHIAPAS,ESCUINTLA,RINCÓN VERACRUZ,139 RINCON VERACRUZ,EMSAD,07EMS0070M
CHIAPAS,ESCUINTLA,SAN ANTONIO MIRAMAR,TELEBACHILLERATO COMUNITARIO NUMERO 32 SOR JUANA INES DE LA CRUZ,TELEBACHCOMUNITARIOS,07ETK0048B
